{"name":"a976dc82-ca26-4c00-8817-85497c0d900c","id":"/providers/Microsoft.Flow/flows/a976dc82-ca26-4c00-8817-85497c0d900c","type":"Microsoft.Flow/flows","properties":{"apiId":"/providers/Microsoft.PowerApps/apis/shared_logicflows","displayName":"Weather Updater - Start","definition":{"metadata":{"workflowEntityId":null,"processAdvisorMetadata":null,"flowChargedByPaygo":null,"flowclientsuspensionreason":"None","flowclientsuspensiontime":null,"flowclientsuspensionreasondetails":null,"creator":{"id":"3740b1b4-6e6c-421d-bb39-c2b9ba33b436","type":"User","tenantId":"6e17605b-9aba-431f-9bd6-6c90e1454be5"},"provisioningMethod":"FromDefinition","failureAlertSubscription":true,"clientLastModifiedTime":"2024-09-17T07:48:09.0806809Z","connectionKeySavedTimeKey":"2024-09-17T07:48:09.0806809Z"},"$schema":"https://schema.management.azure.com/providers/Microsoft.Logic/schemas/2016-06-01/workflowdefinition.json#","contentVersion":"1.0.0.0","parameters":{"$authentication":{"defaultValue":{},"type":"SecureObject"},"$connections":{"defaultValue":{},"type":"Object"}},"triggers":{"Every_5_minutes":{"recurrence":{"frequency":"Minute","interval":5},"type":"Recurrence"}},"actions":{"Get_Random_European_City":{"actions":{"AllCities":{"type":"Compose","inputs":"Tirana,Andorra la Vella,Yerevan,Vienna,Baku,Minsk,Brussels,Sarajevo,Sofia,Zagreb,Nicosia,Prague,Copenhagen,Tallinn,Helsinki,Paris,Tbilisi,Berlin,Athens,Budapest,Reykjavik,Dublin,Rome,Nur-Sultan,Pristina,Riga,Vaduz,Vilnius,Luxembourg,Valletta,Chisinau,Monaco,Podgorica,Amsterdam,Skopje,Oslo,Warsaw,Lisbon,Bucharest,Moscow,San Marino,Belgrade,Bratislava,Ljubljana,Madrid,Stockholm,Bern,Ankara,Kyiv,London,Vatican City"},"CitiesArray":{"runAfter":{"AllCities":["Succeeded"]},"type":"Compose","inputs":"@split(outputs('AllCities'),',')"},"RandomCity":{"runAfter":{"CitiesArray":["Succeeded"]},"type":"Compose","inputs":"@outputs('CitiesArray')[rand(0,length(outputs('CitiesArray')))]"}},"runAfter":{},"type":"Scope"}},"description":"A simple flow that retrieves the weather from a random European city every 15 minutes and records the information in a SharePoint list."},"connectionReferences":{},"flowFailureAlertSubscribed":false,"isManaged":false}}