{"name":"e89a2c30-1e96-4b42-82a4-55f713a7acce","id":"/providers/Microsoft.Flow/flows/e89a2c30-1e96-4b42-82a4-55f713a7acce","type":"Microsoft.Flow/flows","properties":{"apiId":"/providers/Microsoft.PowerApps/apis/shared_logicflows","displayName":"2.4 Do Until","definition":{"metadata":{"workflowEntityId":null,"flowclientsuspensionreason":"None","flowclientsuspensiontime":null,"creator":{"id":"9804bca5-10f7-4881-ae77-398a03eae56c","type":"User","tenantId":"ee40b5fa-4c01-4c7d-9151-1460100f7b39"},"provisioningMethod":"FromDefinition","failureAlertSubscription":true,"clientLastModifiedTime":"2021-02-26T16:43:31.0322611Z"},"$schema":"https://schema.management.azure.com/providers/Microsoft.Logic/schemas/2016-06-01/workflowdefinition.json#","contentVersion":"1.0.0.0","parameters":{"$connections":{"defaultValue":{},"type":"Object"},"$authentication":{"defaultValue":{},"type":"SecureObject"}},"triggers":{"manual":{"type":"Request","kind":"Button","inputs":{"schema":{"type":"object","properties":{"number":{"title":"Glasses","type":"number","x-ms-dynamically-added":true,"description":"How many glasses of water do you want to drink today?","x-ms-content-hint":"NUMBER"},"key-button-date":{"title":"Date","type":"string","x-ms-dynamically-added":false}},"required":["number","key-button-date"]}}}},"actions":{"Initialize_variable":{"runAfter":{},"type":"InitializeVariable","inputs":{"variables":[{"name":"varCounter","type":"integer","value":0}]}},"Do_until":{"actions":{"Increment_variable":{"runAfter":{},"type":"IncrementVariable","inputs":{"name":"varCounter","value":1}},"Add_a_to-do_(V3)":{"runAfter":{"Increment_variable":["Succeeded"]},"type":"OpenApiConnection","inputs":{"host":{"apiId":"/providers/Microsoft.PowerApps/apis/shared_todo","connectionName":"shared_todo","operationId":"CreateToDoV3"},"parameters":{"folderId":"AQMkAGM2ZWQxYjBjLTZiOGQtNDg5Zi1iODE0LThjN2YzY2YyMDgwZQAuAAADC_j2gVW-VUqWgj_nWkoQLAEAzF-SsyYl10eeqicQuI3_7gAAAgESAAAA","body/title":"Drink a glass of water - glass #@{variables('varCounter')}","body/dueDateTime/dateTime":"@triggerBody()['key-button-date']"},"authentication":{"value":"@json(decodeBase64(triggerOutputs().headers['X-MS-APIM-Tokens']))['$ConnectionKey']","type":"Raw"}}}},"runAfter":{"Initialize_variable":["Succeeded"]},"expression":"@equals(variables('varCounter'), triggerBody()['number'])","limit":{"count":60,"timeout":"PT1H"},"type":"Until"}}},"connectionReferences":{"shared_todo":{"connectionName":"shared-todo-18147c9c-82f2-4496-958f-56e1-40ebebd7","source":"Invoker","id":"/providers/Microsoft.PowerApps/apis/shared_todo","tier":"NotSpecified"}},"flowFailureAlertSubscribed":false}}