{"name":"02f441f1-decb-4946-b618-6e820c5578b7","id":"/providers/Microsoft.Flow/flows/02f441f1-decb-4946-b618-6e820c5578b7","type":"Microsoft.Flow/flows","properties":{"apiId":"/providers/Microsoft.PowerApps/apis/shared_logicflows","displayName":"7.1 Basic use of HTTP connector","definition":{"metadata":{"workflowEntityId":null,"flowclientsuspensionreason":"None","flowclientsuspensiontime":null,"creator":{"id":"9804bca5-10f7-4881-ae77-398a03eae56c","type":"User","tenantId":"ee40b5fa-4c01-4c7d-9151-1460100f7b39"},"provisioningMethod":"FromDefinition","failureAlertSubscription":true,"clientLastModifiedTime":"2021-02-28T09:54:50.3103879Z"},"$schema":"https://schema.management.azure.com/providers/Microsoft.Logic/schemas/2016-06-01/workflowdefinition.json#","contentVersion":"1.0.0.0","parameters":{"$connections":{"defaultValue":{},"type":"Object"},"$authentication":{"defaultValue":{},"type":"SecureObject"}},"triggers":{"manual":{"type":"Request","kind":"Button","inputs":{"schema":{"type":"object","properties":{},"required":[]}}}},"actions":{"Get_items":{"runAfter":{},"type":"OpenApiConnection","inputs":{"host":{"apiId":"/providers/Microsoft.PowerApps/apis/shared_sharepointonline","connectionName":"shared_sharepointonline","operationId":"GetItems"},"parameters":{"dataset":"https://ba200221.sharepoint.com/","table":"c8375e43-45a4-4561-8d85-bd317edac086"},"authentication":{"value":"@json(decodeBase64(triggerOutputs().headers['X-MS-APIM-Tokens']))['$ConnectionKey']","type":"Raw"}}},"Select":{"runAfter":{"Get_items":["Succeeded"]},"type":"Select","inputs":{"from":"@outputs('Get_items')?['body/value']","select":{"Title":"@item()?['Title']","Outcome":"@item()?['Outcome']"}}},"Send_an_HTTP_request_to_SharePoint":{"runAfter":{},"type":"OpenApiConnection","inputs":{"host":{"apiId":"/providers/Microsoft.PowerApps/apis/shared_sharepointonline","connectionName":"shared_sharepointonline","operationId":"HttpRequest"},"parameters":{"dataset":"https://ba200221.sharepoint.com/","parameters/method":"GET","parameters/uri":"/_api/web/lists/getbytitle('Approvals')/items?","parameters/headers":{"accept":"application/json;odata=verbose"}},"authentication":{"value":"@json(decodeBase64(triggerOutputs().headers['X-MS-APIM-Tokens']))['$ConnectionKey']","type":"Raw"}}},"Parse_JSON":{"runAfter":{"Send_an_HTTP_request_to_SharePoint":["Succeeded"]},"type":"ParseJson","inputs":{"content":"@outputs('Send_an_HTTP_request_to_SharePoint')?['body']","schema":{"type":"object","properties":{"d":{"type":"object","properties":{"results":{"type":"array","items":{"type":"object","properties":{"__metadata":{"type":"object","properties":{"id":{"type":"string"},"uri":{"type":"string"},"etag":{"type":"string"},"type":{"type":"string"}}},"FirstUniqueAncestorSecurableObject":{"type":"object","properties":{"__deferred":{"type":"object","properties":{"uri":{"type":"string"}}}}},"RoleAssignments":{"type":"object","properties":{"__deferred":{"type":"object","properties":{"uri":{"type":"string"}}}}},"AttachmentFiles":{"type":"object","properties":{"__deferred":{"type":"object","properties":{"uri":{"type":"string"}}}}},"ContentType":{"type":"object","properties":{"__deferred":{"type":"object","properties":{"uri":{"type":"string"}}}}},"GetDlpPolicyTip":{"type":"object","properties":{"__deferred":{"type":"object","properties":{"uri":{"type":"string"}}}}},"FieldValuesAsHtml":{"type":"object","properties":{"__deferred":{"type":"object","properties":{"uri":{"type":"string"}}}}},"FieldValuesAsText":{"type":"object","properties":{"__deferred":{"type":"object","properties":{"uri":{"type":"string"}}}}},"FieldValuesForEdit":{"type":"object","properties":{"__deferred":{"type":"object","properties":{"uri":{"type":"string"}}}}},"File":{"type":"object","properties":{"__deferred":{"type":"object","properties":{"uri":{"type":"string"}}}}},"Folder":{"type":"object","properties":{"__deferred":{"type":"object","properties":{"uri":{"type":"string"}}}}},"LikedByInformation":{"type":"object","properties":{"__deferred":{"type":"object","properties":{"uri":{"type":"string"}}}}},"ParentList":{"type":"object","properties":{"__deferred":{"type":"object","properties":{"uri":{"type":"string"}}}}},"Properties":{"type":"object","properties":{"__deferred":{"type":"object","properties":{"uri":{"type":"string"}}}}},"Versions":{"type":"object","properties":{"__deferred":{"type":"object","properties":{"uri":{"type":"string"}}}}},"FileSystemObjectType":{"type":"integer"},"Id":{"type":"integer"},"ServerRedirectedEmbedUri":{},"ServerRedirectedEmbedUrl":{"type":"string"},"ID":{"type":"integer"},"ContentTypeId":{"type":"string"},"Title":{"type":"string"},"Modified":{"type":"string"},"Created":{"type":"string"},"AuthorId":{"type":"integer"},"EditorId":{"type":"integer"},"OData__UIVersionString":{"type":"string"},"Attachments":{"type":"boolean"},"GUID":{"type":"string"},"ComplianceAssetId":{},"ApprovalID":{"type":"string"},"FileID":{"type":"string"},"Outcome":{"type":"string"},"AssignedToId":{"type":"integer"},"AssignedToStringId":{"type":"string"},"TaskDueDate":{"type":"string"},"TaskStatus":{"type":"string"},"StartDate":{"type":"string"}},"required":["__metadata","FirstUniqueAncestorSecurableObject","RoleAssignments","AttachmentFiles","ContentType","GetDlpPolicyTip","FieldValuesAsHtml","FieldValuesAsText","FieldValuesForEdit","File","Folder","LikedByInformation","ParentList","Properties","Versions","FileSystemObjectType","Id","ServerRedirectedEmbedUri","ServerRedirectedEmbedUrl","ID","ContentTypeId","Title","Modified","Created","AuthorId","EditorId","OData__UIVersionString","Attachments","GUID","ComplianceAssetId","ApprovalID","FileID","Outcome","AssignedToId","AssignedToStringId","TaskDueDate","TaskStatus","StartDate"]}}}}}}}},"Select_2":{"runAfter":{"Parse_JSON":["Succeeded"]},"type":"Select","inputs":{"from":"@body('Parse_JSON')?['d']?['results']","select":{"Title":"@item()?['Title']","Outcome":"@item()?['Outcome']"}}}}},"connectionReferences":{"shared_sharepointonline":{"connectionName":"4a04691fe5d147dc997da68b4c0faf64","source":"Invoker","id":"/providers/Microsoft.PowerApps/apis/shared_sharepointonline","tier":"NotSpecified"}},"flowFailureAlertSubscribed":false}}