{"name":"7864a526-5441-4766-a271-72c02ce027ec","id":"/providers/Microsoft.Flow/flows/7864a526-5441-4766-a271-72c02ce027ec","type":"Microsoft.Flow/flows","properties":{"apiId":"/providers/Microsoft.PowerApps/apis/shared_logicflows","displayName":"Weather Updater - Start","definition":{"metadata":{"workflowEntityId":null,"flowclientsuspensionreason":"None","flowclientsuspensiontime":null,"creator":{"id":"9804bca5-10f7-4881-ae77-398a03eae56c","type":"User","tenantId":"ee40b5fa-4c01-4c7d-9151-1460100f7b39"},"provisioningMethod":"FromDefinition","failureAlertSubscription":true,"clientLastModifiedTime":"2021-02-24T09:12:18.5873722Z"},"$schema":"https://schema.management.azure.com/providers/Microsoft.Logic/schemas/2016-06-01/workflowdefinition.json#","contentVersion":"1.0.0.0","parameters":{"$authentication":{"defaultValue":{},"type":"SecureObject"}},"triggers":{"Every_15_minutes":{"recurrence":{"frequency":"Minute","interval":15},"type":"Recurrence"}},"actions":{"Get_Random_European_City":{"actions":{"AllCities":{"runAfter":{},"type":"Compose","inputs":"Tirana,Andorra la Vella,Yerevan,Vienna,Baku,Minsk,Brussels,Sarajevo,Sofia,Zagreb,Nicosia,Prague,Copenhagen,Tallinn,Helsinki,Paris,Tbilisi,Berlin,Athens,Budapest,Reykjavik,Dublin,Rome,Nur-Sultan,Pristina,Riga,Vaduz,Vilnius,Luxembourg,Valletta,Chisinau,Monaco,Podgorica,Amsterdam,Skopje,Oslo,Warsaw,Lisbon,Bucharest,Moscow,San Marino,Belgrade,Bratislava,Ljubljana,Madrid,Stockholm,Bern,Ankara,Kyiv,London,Vatican City"},"CitiesArray":{"runAfter":{"AllCities":["Succeeded"]},"type":"Compose","inputs":"@split(outputs('AllCities'),',')"},"RandomCity":{"runAfter":{"CitiesArray":["Succeeded"]},"type":"Compose","inputs":"@outputs('CitiesArray')[rand(0,length(outputs('CitiesArray')))]"}},"runAfter":{},"type":"Scope"}},"description":"A simple flow that retrieves the weather from a random European city every 15 minutes and records the information in a SharePoint list."},"connectionReferences":{},"flowFailureAlertSubscribed":false}}