{"name":"49dade58-2fbd-4c18-a451-451f208692cd","id":"/providers/Microsoft.Flow/flows/49dade58-2fbd-4c18-a451-451f208692cd","type":"Microsoft.Flow/flows","properties":{"apiId":"/providers/Microsoft.PowerApps/apis/shared_logicflows","displayName":"8.1 Power Apps Weather Flow","definition":{"metadata":{"workflowEntityId":null,"flowclientsuspensionreason":"None","flowclientsuspensiontime":null,"creator":{"id":"9804bca5-10f7-4881-ae77-398a03eae56c","type":"User","tenantId":"ee40b5fa-4c01-4c7d-9151-1460100f7b39"},"provisioningMethod":"FromDefinition","failureAlertSubscription":true,"clientLastModifiedTime":"2021-02-28T10:31:38.359413Z"},"$schema":"https://schema.management.azure.com/providers/Microsoft.Logic/schemas/2016-06-01/workflowdefinition.json#","contentVersion":"1.0.0.0","parameters":{"$connections":{"defaultValue":{},"type":"Object"},"$authentication":{"defaultValue":{},"type":"SecureObject"}},"triggers":{"manual":{"type":"Request","kind":"PowerApp","inputs":{"schema":{"type":"object","properties":{"Getcurrentweather_Location":{"type":"string","description":"The location search query.  Valid inputs are City, Region, State, Country, Landmark, PostalCode, and Lat.Long.","x-ms-powerflows-param-ispartial":false}},"required":["Getcurrentweather_Location"]}}}},"actions":{"Get_current_weather":{"runAfter":{},"type":"OpenApiConnection","inputs":{"host":{"apiId":"/providers/Microsoft.PowerApps/apis/shared_msnweather","connectionName":"shared_msnweather","operationId":"CurrentWeather"},"parameters":{"Location":"@triggerBody()['Getcurrentweather_Location']","units":"Metric"},"authentication":{"value":"@json(decodeBase64(triggerOutputs().headers['X-MS-APIM-Tokens']))['$ConnectionKey']","type":"Raw"}}},"Create_item":{"runAfter":{"Get_current_weather":["Succeeded"]},"type":"OpenApiConnection","inputs":{"host":{"apiId":"/providers/Microsoft.PowerApps/apis/shared_sharepointonline","connectionName":"shared_sharepointonline","operationId":"PostItem"},"parameters":{"dataset":"https://ba200221.sharepoint.com/","table":"2533788c-efc4-4d66-87e8-33778f1f0d20","item/Title":"@outputs('Get_current_weather')?['body/responses/source/location']","item/Pressure":"@outputs('Get_current_weather')?['body/responses/weather/current/baro']","item/Conditions":"@outputs('Get_current_weather')?['body/responses/weather/current/cap']","item/Temperature":"@outputs('Get_current_weather')?['body/responses/weather/current/temp']","item/WindSpeed":"@outputs('Get_current_weather')?['body/responses/weather/current/windSpd']","item/DateTime":"@outputs('Get_current_weather')?['body/responses/weather/current/created']"},"authentication":{"value":"@json(decodeBase64(triggerOutputs().headers['X-MS-APIM-Tokens']))['$ConnectionKey']","type":"Raw"}}},"Respond_to_a_PowerApp_or_flow":{"runAfter":{"Create_item":["Succeeded","Failed","Skipped","TimedOut"]},"type":"Response","kind":"PowerApp","inputs":{"statusCode":200,"body":{"weather":"@outputs('Get_current_weather')?['body/responses/weather/current/cap']"},"schema":{"type":"object","properties":{"weather":{"title":"Weather","x-ms-dynamically-added":true,"type":"string"}}}}}},"outputs":{},"description":"Create one or more actions to happen when a button or link in Power Apps is selected. To use this flow from a Power App, select the control you want to trigger the flow and go to the Action tab in the Power Apps ribbon and select Flows."},"connectionReferences":{"shared_msnweather":{"connectionName":"0a48c7633a4e48d39eeafd56e80b1571","source":"Invoker","id":"/providers/Microsoft.PowerApps/apis/shared_msnweather","tier":"NotSpecified"},"shared_sharepointonline":{"connectionName":"4a04691fe5d147dc997da68b4c0faf64","source":"Invoker","id":"/providers/Microsoft.PowerApps/apis/shared_sharepointonline","tier":"NotSpecified"}},"flowFailureAlertSubscribed":false}}