{"name":"9114e976-7417-4ea8-a41e-e20428db59a7","id":"/providers/Microsoft.Flow/flows/9114e976-7417-4ea8-a41e-e20428db59a7","type":"Microsoft.Flow/flows","properties":{"apiId":"/providers/Microsoft.PowerApps/apis/shared_logicflows","displayName":"5.3 Trigger Conditions","definition":{"metadata":{"workflowEntityId":null,"flowclientsuspensionreason":"None","flowclientsuspensiontime":null,"creator":{"id":"9804bca5-10f7-4881-ae77-398a03eae56c","type":"User","tenantId":"ee40b5fa-4c01-4c7d-9151-1460100f7b39"},"provisioningMethod":"FromDefinition","failureAlertSubscription":true,"clientLastModifiedTime":"2021-03-02T12:08:25.7290853Z"},"$schema":"https://schema.management.azure.com/providers/Microsoft.Logic/schemas/2016-06-01/workflowdefinition.json#","contentVersion":"1.0.0.0","parameters":{"$connections":{"defaultValue":{},"type":"Object"},"$authentication":{"defaultValue":{},"type":"SecureObject"}},"triggers":{"When_a_file_is_created_or_modified_(properties_only)":{"recurrence":{"frequency":"Minute","interval":1},"splitOn":"@triggerOutputs()?['body/value']","type":"OpenApiConnection","inputs":{"host":{"apiId":"/providers/Microsoft.PowerApps/apis/shared_sharepointonline","connectionName":"shared_sharepointonline","operationId":"GetOnUpdatedFileItems"},"parameters":{"dataset":"https://ba200221.sharepoint.com/","table":"d21f37e5-dc27-484e-908e-f68b93445839"},"authentication":"@parameters('$authentication')"},"conditions":[{"expression":"@equals(tolower(triggerOutputs()?['body/Category']),'sales')"}]}},"actions":{"Send_me_an_email_notification":{"runAfter":{"Compose":["Succeeded"]},"type":"OpenApiConnection","inputs":{"host":{"apiId":"/providers/Microsoft.PowerApps/apis/shared_flowpush","connectionName":"shared_flowpush","operationId":"SendEmailNotification"},"parameters":{"NotificationEmailDefinition/notificationSubject":"A New Sales file posted in the Policies Library","NotificationEmailDefinition/notificationBody":"Please review @{triggerOutputs()?['body/{FilenameWithExtension}']}"},"authentication":"@parameters('$authentication')"}},"Compose":{"runAfter":{},"type":"Compose","inputs":"@equals(tolower(triggerOutputs()?['body/Category']),'sales')"}}},"connectionReferences":{"shared_flowpush":{"connectionName":"951f9739bd57471fa7b71ab90a7d7723","source":"Embedded","id":"/providers/Microsoft.PowerApps/apis/shared_flowpush","tier":"NotSpecified"},"shared_sharepointonline":{"connectionName":"4a04691fe5d147dc997da68b4c0faf64","source":"Embedded","id":"/providers/Microsoft.PowerApps/apis/shared_sharepointonline","tier":"NotSpecified"}},"flowFailureAlertSubscribed":false}}