{
  "properties": {
    "connectionReferences": {
      "shared_msnweather": {
        "runtimeSource": "embedded",
        "connection": {
          "connectionReferenceLogicalName": "cr389_sharedmsnweather_0c153"
        },
        "api": {
          "name": "shared_msnweather"
        }
      },
      "shared_sharepointonline": {
        "runtimeSource": "embedded",
        "connection": {
          "connectionReferenceLogicalName": "cr389_sharedsharepointonline_14e8c"
        },
        "api": {
          "name": "shared_sharepointonline"
        }
      }
    },
    "definition": {
      "$schema": "https://schema.management.azure.com/providers/Microsoft.Logic/schemas/2016-06-01/workflowdefinition.json#",
      "contentVersion": "1.0.0.0",
      "parameters": {
        "$authentication": {
          "defaultValue": {},
          "type": "SecureObject"
        },
        "$connections": {
          "defaultValue": {},
          "type": "Object"
        }
      },
      "triggers": {
        "Every_5_minutes": {
          "recurrence": {
            "frequency": "Minute",
            "interval": 5
          },
          "type": "Recurrence"
        }
      },
      "actions": {
        "Get_Random_European_City": {
          "actions": {
            "AllCities": {
              "type": "Compose",
              "inputs": "Tirana,Andorra la Vella,Yerevan,Vienna,Baku,Minsk,Brussels,Sarajevo,Sofia,Zagreb,Nicosia,Prague,Copenhagen,Tallinn,Helsinki,Paris,Tbilisi,Berlin,Athens,Budapest,Reykjavik,Dublin,Rome,Nur-Sultan,Pristina,Riga,Vaduz,Vilnius,Luxembourg,Valletta,Chisinau,Monaco,Podgorica,Amsterdam,Skopje,Oslo,Warsaw,Lisbon,Bucharest,Moscow,San Marino,Belgrade,Bratislava,Ljubljana,Madrid,Stockholm,Bern,Ankara,Kyiv,London,Vatican City"
            },
            "CitiesArray": {
              "runAfter": {
                "AllCities": [
                  "Succeeded"
                ]
              },
              "type": "Compose",
              "inputs": "@split(outputs('AllCities'),',')"
            },
            "RandomCity": {
              "runAfter": {
                "CitiesArray": [
                  "Succeeded"
                ]
              },
              "type": "Compose",
              "inputs": "@outputs('CitiesArray')[rand(0,length(outputs('CitiesArray')))]"
            }
          },
          "runAfter": {},
          "type": "Scope"
        },
        "Get_current_weather": {
          "runAfter": {
            "Get_Random_European_City": [
              "Succeeded"
            ]
          },
          "type": "OpenApiConnection",
          "inputs": {
            "parameters": {
              "Location": "@outputs('RandomCity')",
              "units": "C"
            },
            "host": {
              "apiId": "/providers/Microsoft.PowerApps/apis/shared_msnweather",
              "connectionName": "shared_msnweather",
              "operationId": "CurrentWeather"
            },
            "authentication": "@parameters('$authentication')"
          }
        },
        "Create_item": {
          "runAfter": {
            "Get_current_weather": [
              "Succeeded"
            ]
          },
          "type": "OpenApiConnection",
          "inputs": {
            "parameters": {
              "dataset": "https://qadelegate01004720.sharepoint.com",
              "table": "e43a00bd-7843-4cc6-9d23-584ead210449",
              "item/Title": "@outputs('Get_current_weather')?['body/responses/source/location']",
              "item/field_1": "@outputs('Get_current_weather')?['body/responses/weather/current/baro']",
              "item/field_2": "@outputs('Get_current_weather')?['body/responses/weather/current/cap']",
              "item/field_3": "@outputs('Get_current_weather')?['body/responses/weather/current/temp']",
              "item/field_4": "@outputs('Get_current_weather')?['body/responses/weather/current/windSpd']",
              "item/field_5": "@outputs('Get_current_weather')?['body/responses/weather/current/created']"
            },
            "host": {
              "apiId": "/providers/Microsoft.PowerApps/apis/shared_sharepointonline",
              "connectionName": "shared_sharepointonline",
              "operationId": "PostItem"
            },
            "authentication": "@parameters('$authentication')"
          }
        }
      }
    },
    "templateName": null
  },
  "schemaVersion": "1.0.0.0"
}