{"name":"2b3e6228-d13c-4991-a522-ce6e5dad6ebe","id":"/providers/Microsoft.Flow/flows/2b3e6228-d13c-4991-a522-ce6e5dad6ebe","type":"Microsoft.Flow/flows","properties":{"apiId":"/providers/Microsoft.PowerApps/apis/shared_logicflows","displayName":"2.3 Apply to Each","definition":{"metadata":{"workflowEntityId":null,"flowclientsuspensionreason":"None","flowclientsuspensiontime":null,"creator":{"id":"9804bca5-10f7-4881-ae77-398a03eae56c","type":"User","tenantId":"ee40b5fa-4c01-4c7d-9151-1460100f7b39"},"provisioningMethod":"FromDefinition","failureAlertSubscription":true,"clientLastModifiedTime":"2021-02-26T16:36:45.1821341Z"},"$schema":"https://schema.management.azure.com/providers/Microsoft.Logic/schemas/2016-06-01/workflowdefinition.json#","contentVersion":"1.0.0.0","parameters":{"$connections":{"defaultValue":{},"type":"Object"},"$authentication":{"defaultValue":{},"type":"SecureObject"}},"triggers":{"Recurrence":{"recurrence":{"frequency":"Minute","interval":15,"startTime":"2021-02-26T10:00:00.000Z"},"type":"Recurrence"}},"actions":{"Get_emails_(V3)":{"runAfter":{},"type":"OpenApiConnection","inputs":{"host":{"apiId":"/providers/Microsoft.PowerApps/apis/shared_office365","connectionName":"shared_office365","operationId":"GetEmailsV3"},"parameters":{"folderPath":"Inbox","fetchOnlyUnread":true,"includeAttachments":false,"top":10,"importance":"Any","fetchOnlyWithAttachment":false},"authentication":"@parameters('$authentication')"}},"Apply_to_each":{"foreach":"@outputs('Get_emails_(V3)')?['body/value']","actions":{"Condition":{"actions":{"Send_me_a_mobile_notification":{"runAfter":{},"type":"OpenApiConnection","inputs":{"host":{"apiId":"/providers/Microsoft.PowerApps/apis/shared_flowpush","connectionName":"shared_flowpush","operationId":"SendNotification"},"parameters":{"NotificationDefinition/notificationText":"Warning: @{items('Apply_to_each')?['from']}may want a meeting with you. The message importance was @{items('Apply_to_each')?['importance']}"},"authentication":"@parameters('$authentication')"}},"Mark_as_read_or_unread_(V3)":{"runAfter":{"Send_me_a_mobile_notification":["Succeeded"]},"type":"OpenApiConnection","inputs":{"host":{"apiId":"/providers/Microsoft.PowerApps/apis/shared_office365","connectionName":"shared_office365","operationId":"MarkAsRead_V3"},"parameters":{"messageId":"@items('Apply_to_each')?['id']","body/isRead":true},"authentication":"@parameters('$authentication')"}}},"runAfter":{},"expression":{"contains":["@items('Apply_to_each')?['subject']","meet now"]},"type":"If"}},"runAfter":{"Get_emails_(V3)":["Succeeded"]},"type":"Foreach"}}},"connectionReferences":{"shared_office365":{"connectionName":"shared-office365-b3aa8d46-011b-4067-9adf-78ec-fe01ef74","source":"Embedded","id":"/providers/Microsoft.PowerApps/apis/shared_office365","tier":"NotSpecified"},"shared_flowpush":{"connectionName":"951f9739bd57471fa7b71ab90a7d7723","source":"Embedded","id":"/providers/Microsoft.PowerApps/apis/shared_flowpush","tier":"NotSpecified"}},"flowFailureAlertSubscribed":false}}