{"name":"8647a488-e203-4708-8063-c150eff934ca","id":"/providers/Microsoft.Flow/flows/8647a488-e203-4708-8063-c150eff934ca","type":"Microsoft.Flow/flows","properties":{"apiId":"/providers/Microsoft.PowerApps/apis/shared_logicflows","displayName":"3.1 Functions","definition":{"metadata":{"workflowEntityId":null,"flowclientsuspensionreason":"None","flowclientsuspensiontime":null,"creator":{"id":"9804bca5-10f7-4881-ae77-398a03eae56c","type":"User","tenantId":"ee40b5fa-4c01-4c7d-9151-1460100f7b39"},"provisioningMethod":"FromDefinition","failureAlertSubscription":true,"clientLastModifiedTime":"2021-02-26T17:15:18.0612306Z"},"$schema":"https://schema.management.azure.com/providers/Microsoft.Logic/schemas/2016-06-01/workflowdefinition.json#","contentVersion":"1.0.0.0","parameters":{"$connections":{"defaultValue":{},"type":"Object"},"$authentication":{"defaultValue":{},"type":"SecureObject"}},"triggers":{"manual":{"type":"Request","kind":"Button","inputs":{"schema":{"type":"object","properties":{"text":{"title":"Input","type":"string","x-ms-dynamically-added":true,"description":"TaskID","enum":["1","2","3","4"],"x-ms-content-hint":"TEXT"},"text_1":{"title":"Input 1","type":"string","x-ms-dynamically-added":true,"description":"Status","enum":["Started","In Progress","Completed"],"x-ms-content-hint":"TEXT"},"number":{"title":"Duration","type":"number","x-ms-dynamically-added":true,"description":"Duration","x-ms-content-hint":"NUMBER"},"number_1":{"title":"DailyRate","type":"number","x-ms-dynamically-added":true,"description":"Daily Rate","x-ms-content-hint":"NUMBER"}},"required":["text","text_1","number","number_1"]}}}},"actions":{"Initialize_variable":{"runAfter":{},"type":"InitializeVariable","inputs":{"variables":[{"name":"varProgress","type":"float","value":0}]}},"Get_a_row":{"runAfter":{"Initialize_variable":["Succeeded"]},"metadata":{"01EVLMCUREFORWEXT63FFYIHIIHEHW6TTX":"/TasksUpdate.xlsx"},"type":"OpenApiConnection","inputs":{"host":{"apiId":"/providers/Microsoft.PowerApps/apis/shared_excelonlinebusiness","connectionName":"shared_excelonlinebusiness","operationId":"GetItem"},"parameters":{"source":"me","drive":"b!xNuHugzPqUW1wg7A1hWah-pcTjTW3TNKtrbHiWjYMDnhvmisE8OjT4iwk0REUEX8","file":"01EVLMCUREFORWEXT63FFYIHIIHEHW6TTX","table":"{EC6DB0AF-600A-4F9E-AA9F-2136E06602E7}","idColumn":"TaskID","id":"@triggerBody()['text']"},"authentication":{"value":"@json(decodeBase64(triggerOutputs().headers['X-MS-APIM-Tokens']))['$ConnectionKey']","type":"Raw"}}},"Update_varProgress":{"runAfter":{"Get_a_row":["Succeeded"]},"type":"SetVariable","inputs":{"name":"varProgress","value":"@if(\r\n    equals(\r\n        triggerBody()['text_1'],\r\n        'Started'\r\n    ),0.3,\r\n    if(\r\n        equals(\r\n            triggerBody()['text_1'],\r\n            'In Progress'\r\n        ),\r\n        0.7,\r\n        1\r\n    )\r\n)"}},"Email_message":{"runAfter":{"Update_varProgress":["Succeeded"]},"type":"Compose","inputs":"@{outputs('Get_a_row')?['body/Task']}\nThe status has now been set to @{triggerBody()['text_1']}\nThe task is now @{mul(variables('varProgress'),100)}% complete"},"Update_a_row":{"runAfter":{"Email_message":["Succeeded"]},"metadata":{"01EVLMCUREFORWEXT63FFYIHIIHEHW6TTX":"/TasksUpdate.xlsx"},"type":"OpenApiConnection","inputs":{"host":{"apiId":"/providers/Microsoft.PowerApps/apis/shared_excelonlinebusiness","connectionName":"shared_excelonlinebusiness","operationId":"PatchItem"},"parameters":{"source":"me","drive":"b!xNuHugzPqUW1wg7A1hWah-pcTjTW3TNKtrbHiWjYMDnhvmisE8OjT4iwk0REUEX8","file":"01EVLMCUREFORWEXT63FFYIHIIHEHW6TTX","table":"{EC6DB0AF-600A-4F9E-AA9F-2136E06602E7}","idColumn":"TaskID","id":"@triggerBody()['text']","item/Status":"@triggerBody()['text_1']","item/Progress":"@variables('varProgress')","item/Start Date":"@formatDateTime(utcNow(),'dd/MM/yyyy')","item/Duration":"@triggerBody()['number']","item/Due Date":"@convertFromUtc(addDays(utcNow(),triggerBody()['number']),'GMT Standard Time','dd/MM/yyyy')","item/Daily Rate":"@triggerBody()['number_1']","item/Cost Per Task":"@formatNumber(mul(triggerBody()['number'],triggerBody()['number_1']),'C','en-GB')"},"authentication":{"value":"@json(decodeBase64(triggerOutputs().headers['X-MS-APIM-Tokens']))['$ConnectionKey']","type":"Raw"}}},"Send_me_an_email_notification":{"runAfter":{"Update_a_row":["Succeeded"]},"type":"OpenApiConnection","inputs":{"host":{"apiId":"/providers/Microsoft.PowerApps/apis/shared_flowpush","connectionName":"shared_flowpush","operationId":"SendEmailNotification"},"parameters":{"NotificationEmailDefinition/notificationSubject":"Task Update: @{outputs('Update_a_row')?['body/Task']}","NotificationEmailDefinition/notificationBody":"@outputs('Email_message')"},"authentication":{"value":"@json(decodeBase64(triggerOutputs().headers['X-MS-APIM-Tokens']))['$ConnectionKey']","type":"Raw"}}}}},"connectionReferences":{"shared_excelonlinebusiness":{"connectionName":"shared-excelonlinebu-0013c06a-3269-45c1-a0af-d15b-f5b243e1","source":"Invoker","id":"/providers/Microsoft.PowerApps/apis/shared_excelonlinebusiness","tier":"NotSpecified"},"shared_flowpush":{"connectionName":"951f9739bd57471fa7b71ab90a7d7723","source":"Invoker","id":"/providers/Microsoft.PowerApps/apis/shared_flowpush","tier":"NotSpecified"}},"flowFailureAlertSubscribed":false}}