{"name":"706f82c0-0832-4da6-aad4-248f824683b3","id":"/providers/Microsoft.Flow/flows/706f82c0-0832-4da6-aad4-248f824683b3","type":"Microsoft.Flow/flows","properties":{"apiId":"/providers/Microsoft.PowerApps/apis/shared_logicflows","displayName":"7.2 Create SP list","definition":{"metadata":{"workflowEntityId":null,"flowclientsuspensionreason":"None","flowclientsuspensiontime":null,"creator":{"id":"9804bca5-10f7-4881-ae77-398a03eae56c","type":"User","tenantId":"ee40b5fa-4c01-4c7d-9151-1460100f7b39"},"provisioningMethod":"FromDefinition","failureAlertSubscription":true,"clientLastModifiedTime":"2021-02-28T10:22:40.630554Z"},"$schema":"https://schema.management.azure.com/providers/Microsoft.Logic/schemas/2016-06-01/workflowdefinition.json#","contentVersion":"1.0.0.0","parameters":{"$connections":{"defaultValue":{},"type":"Object"},"$authentication":{"defaultValue":{},"type":"SecureObject"}},"triggers":{"manual":{"type":"Request","kind":"Button","inputs":{"schema":{"type":"object","properties":{},"required":[]}}}},"actions":{"HTTP_Post_-_Create_Projects_list":{"runAfter":{},"type":"OpenApiConnection","inputs":{"host":{"apiId":"/providers/Microsoft.PowerApps/apis/shared_sharepointonline","connectionName":"shared_sharepointonline","operationId":"HttpRequest"},"parameters":{"dataset":"https://ba200221.sharepoint.com/","parameters/method":"POST","parameters/uri":"_api/web/lists","parameters/headers":{"Accept":"application/json;odata=verbose","Content-Type":"application/json"},"parameters/body":"{\n  \"AllowContentTypes\":true,\n  \"BaseTemplate\":100,\n  \"ContentTypesEnabled\":true,\n  \"Description\":\"The projects list\",\n  \"Title\":\"Projects\"\n}"},"authentication":{"value":"@json(decodeBase64(triggerOutputs().headers['X-MS-APIM-Tokens']))['$ConnectionKey']","type":"Raw"}}},"HTTP_Post_-_Create_Description_column":{"runAfter":{"HTTP_Post_-_Create_Projects_list":["Succeeded"]},"type":"OpenApiConnection","inputs":{"host":{"apiId":"/providers/Microsoft.PowerApps/apis/shared_sharepointonline","connectionName":"shared_sharepointonline","operationId":"HttpRequest"},"parameters":{"dataset":"https://ba200221.sharepoint.com/","parameters/method":"POST","parameters/uri":"/_api/web/lists/getbytitle('Projects')/fields","parameters/headers":{"Accept":"application/json;odata=verbose"},"parameters/body":"{\n  'Title': 'Description',\n  'FieldTypeKind':3\n}"},"authentication":{"value":"@json(decodeBase64(triggerOutputs().headers['X-MS-APIM-Tokens']))['$ConnectionKey']","type":"Raw"}}},"HTTP_Post_-_Create_Category_Column":{"runAfter":{"HTTP_Post_-_Create_Description_column":["Succeeded"]},"type":"OpenApiConnection","inputs":{"host":{"apiId":"/providers/Microsoft.PowerApps/apis/shared_sharepointonline","connectionName":"shared_sharepointonline","operationId":"HttpRequest"},"parameters":{"dataset":"https://ba200221.sharepoint.com/","parameters/method":"POST","parameters/uri":"/_api/web/lists/getbytitle('Projects')/fields","parameters/headers":{"Accept":"application/json;odata=verbose","Content-Type":"application/json;odata=verbose"},"parameters/body":"{\n  \"__metadata\":  {\n    \"type\": \"SP.FieldChoice\"\n  },\n  'Title': 'Category',\n  'FieldTypeKind':6,\n  'Choices': {'results':[\"Internal\",\"Customer\",\"Training\",\"Test\"]}\n}"},"authentication":{"value":"@json(decodeBase64(triggerOutputs().headers['X-MS-APIM-Tokens']))['$ConnectionKey']","type":"Raw"}}},"HTTP_Post_-_Add_Description_to_SharePoint_view":{"runAfter":{"HTTP_Post_-_Create_Category_Column":["Succeeded"]},"type":"OpenApiConnection","inputs":{"host":{"apiId":"/providers/Microsoft.PowerApps/apis/shared_sharepointonline","connectionName":"shared_sharepointonline","operationId":"HttpRequest"},"parameters":{"dataset":"https://ba200221.sharepoint.com/","parameters/method":"POST","parameters/uri":"_api/web/lists/getbytitle('Projects')/Views/getbytitle('All Items')/viewfields/addviewfield","parameters/headers":{"Accept":"application/json;odata=verbose"},"parameters/body":"{\n  'strField':'Description'\n}"},"authentication":{"value":"@json(decodeBase64(triggerOutputs().headers['X-MS-APIM-Tokens']))['$ConnectionKey']","type":"Raw"}}},"HTTP_Post_-_Add_Category_to_SharePoint_view":{"runAfter":{"HTTP_Post_-_Add_Description_to_SharePoint_view":["Succeeded"]},"type":"OpenApiConnection","inputs":{"host":{"apiId":"/providers/Microsoft.PowerApps/apis/shared_sharepointonline","connectionName":"shared_sharepointonline","operationId":"HttpRequest"},"parameters":{"dataset":"https://ba200221.sharepoint.com/","parameters/method":"POST","parameters/uri":"_api/web/lists/getbytitle('Projects')/Views/getbytitle('All Items')/viewfields/addviewfield","parameters/headers":{"Accept":"application/json;odata=verbose"},"parameters/body":"{\n  'strField':'Category'\n}"},"authentication":{"value":"@json(decodeBase64(triggerOutputs().headers['X-MS-APIM-Tokens']))['$ConnectionKey']","type":"Raw"}}}}},"connectionReferences":{"shared_sharepointonline":{"connectionName":"4a04691fe5d147dc997da68b4c0faf64","source":"Invoker","id":"/providers/Microsoft.PowerApps/apis/shared_sharepointonline","tier":"NotSpecified"}},"flowFailureAlertSubscribed":false}}