{"name":"7f6de4d4-8ba2-49db-9c75-cd969bf28dad","id":"/providers/Microsoft.Flow/flows/7f6de4d4-8ba2-49db-9c75-cd969bf28dad","type":"Microsoft.Flow/flows","properties":{"apiId":"/providers/Microsoft.PowerApps/apis/shared_logicflows","displayName":"Weather Updater","definition":{"metadata":{"workflowEntityId":null,"flowclientsuspensionreason":"None","flowclientsuspensiontime":null,"creator":{"id":"9804bca5-10f7-4881-ae77-398a03eae56c","type":"User","tenantId":"ee40b5fa-4c01-4c7d-9151-1460100f7b39"},"provisioningMethod":"FromDefinition","failureAlertSubscription":true,"clientLastModifiedTime":"2021-02-26T08:17:53.9903953Z"},"$schema":"https://schema.management.azure.com/providers/Microsoft.Logic/schemas/2016-06-01/workflowdefinition.json#","contentVersion":"1.0.0.0","parameters":{"$connections":{"defaultValue":{},"type":"Object"},"$authentication":{"defaultValue":{},"type":"SecureObject"}},"triggers":{"Every_15_minutes":{"recurrence":{"frequency":"Minute","interval":15},"type":"Recurrence"}},"actions":{"Get_Random_European_Weather":{"actions":{"AllCities":{"runAfter":{},"type":"Compose","inputs":"Tirana,Andorra la Vella,Yerevan,Vienna,Baku,Minsk,Brussels,Sarajevo,Sofia,Zagreb,Nicosia,Prague,Copenhagen,Tallinn,Helsinki,Paris,Tbilisi,Berlin,Athens,Budapest,Reykjavik,Dublin,Rome,Nur-Sultan,Pristina,Riga,Vaduz,Vilnius,Luxembourg,Valletta,Chisinau,Monaco,Podgorica,Amsterdam,Skopje,Oslo,Warsaw,Lisbon,Bucharest,Moscow,San Marino,Belgrade,Bratislava,Ljubljana,Madrid,Stockholm,Bern,Ankara,Kyiv,London,Vatican City"},"CitiesArray":{"runAfter":{"AllCities":["Succeeded"]},"type":"Compose","inputs":"@split(outputs('AllCities'),',')"},"RandomCity":{"runAfter":{"CitiesArray":["Succeeded"]},"type":"Compose","inputs":"@outputs('CitiesArray')[rand(0,length(outputs('CitiesArray')))]"}},"runAfter":{},"type":"Scope"},"Get_current_weather":{"runAfter":{"Get_Random_European_Weather":["Succeeded"]},"type":"OpenApiConnection","inputs":{"host":{"apiId":"/providers/Microsoft.PowerApps/apis/shared_msnweather","connectionName":"shared_msnweather","operationId":"CurrentWeather"},"parameters":{"Location":"@outputs('RandomCity')","units":"Metric"},"authentication":"@parameters('$authentication')"}},"Create_item":{"runAfter":{"Get_current_weather":["Succeeded"]},"type":"OpenApiConnection","inputs":{"host":{"apiId":"/providers/Microsoft.PowerApps/apis/shared_sharepointonline","connectionName":"shared_sharepointonline","operationId":"PostItem"},"parameters":{"dataset":"https://ba200221.sharepoint.com/","table":"2533788c-efc4-4d66-87e8-33778f1f0d20","item/Title":"@outputs('Get_current_weather')?['body/responses/source/location']","item/Pressure":"@outputs('Get_current_weather')?['body/responses/weather/current/baro']","item/Conditions":"@outputs('Get_current_weather')?['body/responses/weather/current/cap']","item/Temperature":"@outputs('Get_current_weather')?['body/responses/weather/current/temp']","item/WindSpeed":"@outputs('Get_current_weather')?['body/responses/weather/current/windSpd']","item/DateTime":"@outputs('Get_current_weather')?['body/responses/weather/current/created']"},"authentication":"@parameters('$authentication')"}}},"description":"A simple flow that retrieves the weather from a random European city every 15 minutes and records the information in a SharePoint list."},"connectionReferences":{"shared_msnweather":{"connectionName":"0a48c7633a4e48d39eeafd56e80b1571","source":"Embedded","id":"/providers/Microsoft.PowerApps/apis/shared_msnweather","tier":"NotSpecified"},"shared_sharepointonline":{"connectionName":"4a04691fe5d147dc997da68b4c0faf64","source":"Embedded","id":"/providers/Microsoft.PowerApps/apis/shared_sharepointonline","tier":"NotSpecified"}},"flowFailureAlertSubscribed":false}}