{"name":"6288cec3-2361-45f4-b327-f6a6fe5ad47f","id":"/providers/Microsoft.Flow/flows/6288cec3-2361-45f4-b327-f6a6fe5ad47f","type":"Microsoft.Flow/flows","properties":{"apiId":"/providers/Microsoft.PowerApps/apis/shared_logicflows","displayName":"5.4 Secure Inputs / Outputs","definition":{"metadata":{"workflowEntityId":null,"flowclientsuspensionreason":"None","flowclientsuspensiontime":null,"creator":{"id":"9804bca5-10f7-4881-ae77-398a03eae56c","type":"User","tenantId":"ee40b5fa-4c01-4c7d-9151-1460100f7b39"},"provisioningMethod":"FromDefinition","failureAlertSubscription":true,"clientLastModifiedTime":"2021-02-27T09:13:22.8980739Z"},"$schema":"https://schema.management.azure.com/providers/Microsoft.Logic/schemas/2016-06-01/workflowdefinition.json#","contentVersion":"1.0.0.0","parameters":{"$authentication":{"defaultValue":{},"type":"SecureObject"}},"triggers":{"manual":{"type":"Request","kind":"Button","inputs":{"schema":{"type":"object","properties":{"text":{"title":"Secret Text","type":"string","x-ms-dynamically-added":true,"description":"Please enter your input","x-ms-content-hint":"TEXT"}},"required":["text"]}}}},"actions":{"Normal":{"runAfter":{},"type":"Compose","inputs":"@triggerBody()['text']"},"Parent_and_Child":{"actions":{"Secure_Inputs":{"runAfter":{},"type":"Compose","inputs":"@triggerBody()['text']","runtimeConfiguration":{"secureData":{"properties":["inputs"]}}},"Child_of_Secure":{"runAfter":{"Secure_Inputs":["Succeeded"]},"type":"Compose","inputs":"@outputs('Secure_Inputs')"},"Grandchild_of_Secure":{"runAfter":{"Child_of_Secure":["Succeeded"]},"type":"Compose","inputs":"@{outputs('Child_of_Secure')}\n@{outputs('Secure_Inputs')}"}},"runAfter":{},"type":"Scope"},"Child_Only":{"actions":{"Secure_Inputs_2":{"runAfter":{},"type":"Compose","inputs":"@triggerBody()['text']","runtimeConfiguration":{"secureData":{"properties":["inputs"]}}},"Child_of_Secure_2":{"runAfter":{"Secure_Inputs_2":["Succeeded"]},"type":"Compose","inputs":"@outputs('Secure_Inputs_2')"},"Grandchild_of_Secure_2":{"runAfter":{"Child_of_Secure_2":["Succeeded"]},"type":"Compose","inputs":"@{outputs('Child_of_Secure_2')}\n"}},"runAfter":{},"type":"Scope"}}},"connectionReferences":{},"flowFailureAlertSubscribed":false}}