{
  "properties": {
    "connectionReferences": {
      "shared_sharepointonline_1": {
        "runtimeSource": "embedded",
        "connection": {
          "connectionReferenceLogicalName": "cr843_sharedsharepointonline_63b9f"
        },
        "api": {
          "name": "shared_sharepointonline"
        }
      },
      "shared_approvals_1": {
        "runtimeSource": "embedded",
        "connection": {
          "connectionReferenceLogicalName": "cr843_sharedapprovals_991ea"
        },
        "api": {
          "name": "shared_approvals"
        }
      }
    },
    "definition": {
      "$schema": "https://schema.management.azure.com/providers/Microsoft.Logic/schemas/2016-06-01/workflowdefinition.json#",
      "contentVersion": "1.0.0.0",
      "parameters": {
        "$authentication": {
          "defaultValue": {},
          "type": "SecureObject"
        },
        "$connections": {
          "defaultValue": {},
          "type": "Object"
        }
      },
      "triggers": {
        "When_an_Approval_item_is_created": {
          "recurrence": {
            "frequency": "Minute",
            "interval": 1
          },
          "evaluatedRecurrence": {
            "frequency": "Minute",
            "interval": 1
          },
          "splitOn": "@triggerOutputs()?['body/value']",
          "metadata": {
            "operationMetadataId": "c7808147-7cdc-4fbb-b6ad-39b21a609aec"
          },
          "type": "OpenApiConnection",
          "inputs": {
            "parameters": {
              "dataset": "https://qa365uk.sharepoint.com/",
              "table": "67f99326-a917-4eeb-b0d6-9b0f3799cfb9"
            },
            "host": {
              "apiId": "/providers/Microsoft.PowerApps/apis/shared_sharepointonline",
              "connectionName": "shared_sharepointonline_1",
              "operationId": "GetOnNewItems"
            },
            "authentication": "@parameters('$authentication')"
          }
        }
      },
      "actions": {
        "Wait_for_an_approval": {
          "runAfter": {},
          "metadata": {
            "operationMetadataId": "757fe472-71a9-4360-9a28-d92a2316da80"
          },
          "type": "OpenApiConnectionWebhook",
          "inputs": {
            "parameters": {
              "approvalName": "@triggerOutputs()?['body/ApprovalID']"
            },
            "host": {
              "apiId": "/providers/Microsoft.PowerApps/apis/shared_approvals",
              "connectionName": "shared_approvals_1",
              "operationId": "WaitForAnApproval"
            },
            "authentication": "@parameters('$authentication')"
          }
        },
        "Update_item": {
          "runAfter": {
            "Wait_for_an_approval": [
              "Succeeded"
            ]
          },
          "metadata": {
            "operationMetadataId": "e8c6a14b-7ac5-4a32-8b24-902c7594ef86"
          },
          "type": "OpenApiConnection",
          "inputs": {
            "parameters": {
              "dataset": "https://qa365uk.sharepoint.com/",
              "table": "67f99326-a917-4eeb-b0d6-9b0f3799cfb9",
              "id": "@triggerOutputs()?['body/ID']",
              "item/Title": "@triggerOutputs()?['body/Title']",
              "item/OutCome": "@outputs('Wait_for_an_approval')?['body/outcome']",
              "item/TaskStatus/Value": "Completed"
            },
            "host": {
              "apiId": "/providers/Microsoft.PowerApps/apis/shared_sharepointonline",
              "connectionName": "shared_sharepointonline_1",
              "operationId": "PatchItem"
            },
            "authentication": "@parameters('$authentication')"
          }
        },
        "Get_related_approvals": {
          "runAfter": {
            "Update_item": [
              "Succeeded"
            ]
          },
          "metadata": {
            "operationMetadataId": "44cc4564-f80e-4363-9a2c-7bcde21e01c6"
          },
          "type": "OpenApiConnection",
          "inputs": {
            "parameters": {
              "dataset": "https://qa365uk.sharepoint.com/",
              "table": "67f99326-a917-4eeb-b0d6-9b0f3799cfb9",
              "$filter": "FileID eq '@{triggerOutputs()?['body/FileID']}'"
            },
            "host": {
              "apiId": "/providers/Microsoft.PowerApps/apis/shared_sharepointonline",
              "connectionName": "shared_sharepointonline_1",
              "operationId": "GetItems"
            },
            "authentication": "@parameters('$authentication')"
          }
        },
        "Related_Approvals": {
          "runAfter": {
            "Get_related_approvals": [
              "Succeeded"
            ]
          },
          "metadata": {
            "operationMetadataId": "b15a2908-37f7-4b76-93ee-fe7c8599f76d"
          },
          "type": "Compose",
          "inputs": "@length(outputs('Get_related_approvals')?['body/value'])"
        },
        "Filter_array_-_Select_Completed_Tasks": {
          "runAfter": {
            "Related_Approvals": [
              "Succeeded"
            ]
          },
          "metadata": {
            "operationMetadataId": "54a43205-bbac-45be-aa39-be107758740c"
          },
          "type": "Query",
          "inputs": {
            "from": "@outputs('Get_related_approvals')?['body/value']",
            "where": "@equals(item()?['TaskStatus/Value'], 'Completed')"
          }
        },
        "Completed_Approvals": {
          "runAfter": {
            "Filter_array_-_Select_Completed_Tasks": [
              "Succeeded"
            ]
          },
          "metadata": {
            "operationMetadataId": "b5963655-d43a-4591-8e32-86f5d12d06a3"
          },
          "type": "Compose",
          "inputs": "@length(body('Filter_array_-_Select_Completed_Tasks'))"
        },
        "Everyone_Responded": {
          "actions": {
            "Filter_array_-_Select_Approved_tasks": {
              "metadata": {
                "operationMetadataId": "8d2dd15a-30ff-4889-8a4d-3e9a746ec1c0"
              },
              "type": "Query",
              "inputs": {
                "from": "@outputs('Get_related_approvals')?['body/value']",
                "where": "@equals(item()?['Outcome'], 'Approve')"
              }
            },
            "Approved_Approvals": {
              "runAfter": {
                "Filter_array_-_Select_Approved_tasks": [
                  "Succeeded"
                ]
              },
              "metadata": {
                "operationMetadataId": "0e423624-0f90-46ec-b1bf-fe967754a22a"
              },
              "type": "Compose",
              "inputs": "@length(body('Filter_array_-_Select_Approved_tasks'))"
            },
            "Update_file_properties": {
              "runAfter": {
                "Approved_Approvals": [
                  "Succeeded"
                ]
              },
              "metadata": {
                "operationMetadataId": "237742ca-9513-494a-b469-34f5e15e9e34"
              },
              "type": "OpenApiConnection",
              "inputs": {
                "parameters": {
                  "dataset": "https://qa365uk.sharepoint.com/",
                  "table": "fbf947d8-ad84-472e-867f-76a3fab4d215",
                  "id": "@int(triggerOutputs()?['body/FileID'])",
                  "item/ApprovalStatus": "@if(\r\n    equals(\r\n        outputs('Completed_Approvals'),\r\n        outputs('Approved_Approvals')\r\n    ),\r\n    'Approved',\r\n    'Rejected'\r\n)"
                },
                "host": {
                  "apiId": "/providers/Microsoft.PowerApps/apis/shared_sharepointonline",
                  "connectionName": "shared_sharepointonline_1",
                  "operationId": "PatchFileItem"
                },
                "authentication": "@parameters('$authentication')"
              }
            }
          },
          "runAfter": {
            "Completed_Approvals": [
              "Succeeded"
            ]
          },
          "else": {
            "actions": {}
          },
          "expression": {
            "equals": [
              "@outputs('Related_Approvals')",
              "@outputs('Completed_Approvals')"
            ]
          },
          "metadata": {
            "operationMetadataId": "94690cc1-7c87-4b5a-ad3e-ad1a01ead37f"
          },
          "type": "If"
        },
        "Terminate": {
          "runAfter": {
            "Everyone_Responded": [
              "Succeeded"
            ]
          },
          "metadata": {
            "operationMetadataId": "68853040-5b3e-4ece-8065-5aa7f8a04d97"
          },
          "type": "Terminate",
          "inputs": {
            "runStatus": "Succeeded"
          }
        },
        "Delay": {
          "runAfter": {},
          "metadata": {
            "operationMetadataId": "cac01b37-88d0-4a96-8893-8668129e0e36"
          },
          "type": "Wait",
          "inputs": {
            "interval": {
              "count": 10,
              "unit": "Minute"
            }
          }
        },
        "Create_item": {
          "runAfter": {
            "Delay": [
              "Succeeded"
            ]
          },
          "metadata": {
            "operationMetadataId": "ae618a1e-8968-4f2c-9521-c80f6a10c6ee"
          },
          "type": "OpenApiConnection",
          "inputs": {
            "parameters": {
              "dataset": "https://qa365uk.sharepoint.com/",
              "table": "67f99326-a917-4eeb-b0d6-9b0f3799cfb9",
              "item/Title": "@triggerOutputs()?['body/Title']",
              "item/ApprovalID": "@triggerOutputs()?['body/ApprovalID']",
              "item/FileID": "@triggerOutputs()?['body/FileID']",
              "item/OutCome": "@triggerOutputs()?['body/OutCome']",
              "item/AssignedTo/Claims": "@triggerOutputs()?['body/AssignedTo/Claims']",
              "item/TaskDueDate": "@triggerOutputs()?['body/TaskDueDate']",
              "item/TaskStatus/Value": "@triggerOutputs()?['body/TaskStatus/Value']",
              "item/StartDate": "@triggerOutputs()?['body/StartDate']"
            },
            "host": {
              "apiId": "/providers/Microsoft.PowerApps/apis/shared_sharepointonline",
              "connectionName": "shared_sharepointonline_1",
              "operationId": "PostItem"
            },
            "authentication": "@parameters('$authentication')"
          }
        },
        "Delete_item": {
          "runAfter": {
            "Create_item": [
              "Succeeded"
            ]
          },
          "metadata": {
            "operationMetadataId": "6f64d7cf-a848-4225-86b5-1bbed13e9df9"
          },
          "type": "OpenApiConnection",
          "inputs": {
            "parameters": {
              "dataset": "https://qa365uk.sharepoint.com/",
              "table": "67f99326-a917-4eeb-b0d6-9b0f3799cfb9",
              "id": "@triggerOutputs()?['body/ID']"
            },
            "host": {
              "apiId": "/providers/Microsoft.PowerApps/apis/shared_sharepointonline",
              "connectionName": "shared_sharepointonline_1",
              "operationId": "DeleteItem"
            },
            "authentication": "@parameters('$authentication')"
          }
        },
        "Terminate_2": {
          "runAfter": {
            "Delete_item": [
              "Succeeded"
            ]
          },
          "metadata": {
            "operationMetadataId": "8cde8c7f-1180-42b9-9864-1a37c277fff0"
          },
          "type": "Terminate",
          "inputs": {
            "runStatus": "Succeeded"
          }
        }
      }
    },
    "templateName": null
  },
  "schemaVersion": "1.0.0.0"
}