{
  "properties": {
    "connectionReferences": {
      "shared_sharepointonline_1": {
        "runtimeSource": "invoker",
        "connection": {
          "connectionReferenceLogicalName": "cr843_sharedsharepointonline_63b9f"
        },
        "api": {
          "name": "shared_sharepointonline"
        }
      },
      "shared_approvals_1": {
        "runtimeSource": "invoker",
        "connection": {
          "connectionReferenceLogicalName": "cr843_sharedapprovals_991ea"
        },
        "api": {
          "name": "shared_approvals"
        }
      }
    },
    "definition": {
      "$schema": "https://schema.management.azure.com/providers/Microsoft.Logic/schemas/2016-06-01/workflowdefinition.json#",
      "contentVersion": "1.0.0.0",
      "parameters": {
        "$connections": {
          "defaultValue": {},
          "type": "Object"
        },
        "$authentication": {
          "defaultValue": {},
          "type": "SecureObject"
        }
      },
      "triggers": {
        "manual": {
          "splitOn": "@triggerBody()['rows']",
          "metadata": {
            "operationMetadataId": "df6e33b5-9288-4078-a15d-389f9744b3e3"
          },
          "type": "Request",
          "kind": "ApiConnection",
          "inputs": {
            "schema": {
              "type": "object",
              "properties": {
                "rows": {
                  "type": "array",
                  "items": {
                    "type": "object",
                    "properties": {
                      "entity": {
                        "type": "object",
                        "properties": {
                          "ID": {
                            "title": "ID",
                            "type": "integer",
                            "format": "int64"
                          },
                          "fileName": {
                            "title": "fileName",
                            "type": "string"
                          }
                        },
                        "required": [
                          "ID",
                          "fileName"
                        ]
                      }
                    },
                    "required": [
                      "entity"
                    ]
                  }
                }
              },
              "required": [
                "rows"
              ]
            },
            "host": {
              "connection": {
                "name": "@parameters('$connections')['shared_sharepointonline_1']['connectionId']"
              }
            },
            "operationId": "ForASelectedFileHybridTrigger",
            "parameters": {
              "dataset": "https://qa365uk.sharepoint.com/",
              "table": "fbf947d8-ad84-472e-867f-76a3fab4d215"
            }
          }
        }
      },
      "actions": {
        "Mark_file_status_as_started": {
          "runAfter": {},
          "metadata": {
            "operationMetadataId": "ff03ad29-93e5-4801-89b3-77f0bfeb46fe"
          },
          "type": "OpenApiConnection",
          "inputs": {
            "host": {
              "apiId": "/providers/Microsoft.PowerApps/apis/shared_sharepointonline",
              "connectionName": "shared_sharepointonline_1",
              "operationId": "PatchFileItem"
            },
            "parameters": {
              "dataset": "https://qa365uk.sharepoint.com/",
              "table": "fbf947d8-ad84-472e-867f-76a3fab4d215",
              "id": "@triggerBody()?['entity']?['ID']",
              "item/ApprovalStatus": "Started"
            },
            "authentication": {
              "value": "@json(decodeBase64(triggerOutputs().headers['X-MS-APIM-Tokens']))['$ConnectionKey']",
              "type": "Raw"
            }
          }
        },
        "For_each_approver": {
          "foreach": "@outputs('Mark_file_status_as_started')?['body/Approvers']",
          "actions": {
            "Create_an_approval": {
              "runAfter": {},
              "metadata": {
                "operationMetadataId": "8d1f563b-8a03-4ef0-836c-46276c461c8e"
              },
              "type": "OpenApiConnection",
              "inputs": {
                "host": {
                  "apiId": "/providers/Microsoft.PowerApps/apis/shared_approvals",
                  "connectionName": "shared_approvals_1",
                  "operationId": "CreateAnApproval"
                },
                "parameters": {
                  "approvalType": "Basic",
                  "ApprovalCreationInput/title": "Policy Approval required",
                  "ApprovalCreationInput/assignedTo": "@{items('For_each_approver')?['Email']};",
                  "ApprovalCreationInput/details": "The policy document @{triggerBody()?['entity']?['fileName']}",
                  "ApprovalCreationInput/itemLink": "@outputs('Mark_file_status_as_started')?['body/{Link}']",
                  "ApprovalCreationInput/enableNotifications": true,
                  "ApprovalCreationInput/enableReassignment": true
                },
                "authentication": {
                  "value": "@json(decodeBase64(triggerOutputs().headers['X-MS-APIM-Tokens']))['$ConnectionKey']",
                  "type": "Raw"
                }
              }
            },
            "Create_Approval_list_entry": {
              "runAfter": {
                "Create_an_approval": [
                  "Succeeded"
                ]
              },
              "metadata": {
                "operationMetadataId": "64d99b6a-c0f8-40f0-a53e-90b4dcc83d44"
              },
              "type": "OpenApiConnection",
              "inputs": {
                "host": {
                  "apiId": "/providers/Microsoft.PowerApps/apis/shared_sharepointonline",
                  "connectionName": "shared_sharepointonline_1",
                  "operationId": "PostItem"
                },
                "parameters": {
                  "dataset": "https://qa365uk.sharepoint.com/",
                  "table": "67f99326-a917-4eeb-b0d6-9b0f3799cfb9",
                  "item/Title": "Approve - @{triggerBody()?['entity']?['fileName']}",
                  "item/ApprovalID": "@outputs('Create_an_approval')?['body/name']",
                  "item/FileID": "@triggerBody()?['entity']?['ID']",
                  "item/OutCome": "Pending",
                  "item/AssignedTo/Claims": "@items('For_each_approver')?['DisplayName']",
                  "item/TaskDueDate": "@convertFromUtc(addDays(utcNow(),7),'GMT Standard Time','r')",
                  "item/TaskStatus/Value": "Not Started",
                  "item/StartDate": "@convertFromUtc(utcNow(),'GMT Standard Time','r')"
                },
                "authentication": {
                  "value": "@json(decodeBase64(triggerOutputs().headers['X-MS-APIM-Tokens']))['$ConnectionKey']",
                  "type": "Raw"
                }
              }
            }
          },
          "runAfter": {
            "Mark_file_status_as_started": [
              "Succeeded"
            ]
          },
          "metadata": {
            "operationMetadataId": "6d6c7b8c-d5f3-4577-b425-1c27c290f1af"
          },
          "type": "Foreach"
        }
      }
    },
    "templateName": null
  },
  "schemaVersion": "1.0.0.0"
}