{"name":"a8573dc3-ef34-4aa1-9e10-29a701976540","id":"/providers/Microsoft.Flow/flows/a8573dc3-ef34-4aa1-9e10-29a701976540","type":"Microsoft.Flow/flows","properties":{"apiId":"/providers/Microsoft.PowerApps/apis/shared_logicflows","displayName":"5.2 OData and Paginataion","definition":{"metadata":{"workflowEntityId":null,"flowclientsuspensionreason":"None","flowclientsuspensiontime":null,"creator":{"id":"9804bca5-10f7-4881-ae77-398a03eae56c","type":"User","tenantId":"ee40b5fa-4c01-4c7d-9151-1460100f7b39"},"provisioningMethod":"FromDefinition","failureAlertSubscription":true,"clientLastModifiedTime":"2021-03-02T09:50:27.541078Z"},"$schema":"https://schema.management.azure.com/providers/Microsoft.Logic/schemas/2016-06-01/workflowdefinition.json#","contentVersion":"1.0.0.0","parameters":{"$connections":{"defaultValue":{},"type":"Object"},"$authentication":{"defaultValue":{},"type":"SecureObject"}},"triggers":{"manual":{"type":"Request","kind":"Button","inputs":{"schema":{"type":"object","properties":{},"required":[]}}}},"actions":{"Location":{"runAfter":{},"type":"Compose","inputs":"Berlin"},"Initialize_variable":{"runAfter":{"Location":["Succeeded"]},"type":"InitializeVariable","inputs":{"variables":[{"name":"varLocations","type":"array"}]}},"StartTime":{"runAfter":{"Initialize_variable":["Succeeded"]},"type":"Compose","inputs":"@utcNow()"},"Get_items":{"runAfter":{"StartTime":["Succeeded"]},"type":"OpenApiConnection","inputs":{"host":{"apiId":"/providers/Microsoft.PowerApps/apis/shared_sharepointonline","connectionName":"shared_sharepointonline","operationId":"GetItems"},"parameters":{"dataset":"https://ba200221.sharepoint.com/","table":"2533788c-efc4-4d66-87e8-33778f1f0d20"},"authentication":{"value":"@json(decodeBase64(triggerOutputs().headers['X-MS-APIM-Tokens']))['$ConnectionKey']","type":"Raw"}},"runtimeConfiguration":{"paginationPolicy":{"minimumItemCount":1000}}},"Filter_array":{"runAfter":{"Get_items":["Succeeded"]},"type":"Query","inputs":{"from":"@outputs('Get_items')?['body/value']","where":"@equals(item()?['Title'], outputs('Location'))"}},"Compose":{"runAfter":{"Filter_array":["Succeeded"]},"type":"Compose","inputs":"Items: @{length(body('Filter_array'))}\nTime:  @{div(\r\n    sub(\r\n        ticks(utcNow()),\r\n        ticks(outputs('StartTime'))\r\n    ),\r\n1000\r\n)}"},"Get_items_-_OData":{"runAfter":{"StartTime":["Succeeded"]},"type":"OpenApiConnection","inputs":{"host":{"apiId":"/providers/Microsoft.PowerApps/apis/shared_sharepointonline","connectionName":"shared_sharepointonline","operationId":"GetItems"},"parameters":{"dataset":"https://ba200221.sharepoint.com/","table":"2533788c-efc4-4d66-87e8-33778f1f0d20","$filter":"Title eq '@{outputs('Location')}'"},"authentication":{"value":"@json(decodeBase64(triggerOutputs().headers['X-MS-APIM-Tokens']))['$ConnectionKey']","type":"Raw"}},"runtimeConfiguration":{"paginationPolicy":{"minimumItemCount":500}}},"Select":{"runAfter":{"Get_items_-_OData":["Succeeded"]},"type":"Select","inputs":{"from":"@outputs('Get_items_-_OData')?['body/value']","select":{"Location":"@item()?['Title']","Conditions":"@item()?['Conditions']"}}},"Compose_2":{"runAfter":{"Select":["Succeeded"]},"type":"Compose","inputs":"Items: @{length(body('Select'))}\nTime:  @{div(\r\n    sub(\r\n        ticks(utcnow()),\r\n        ticks(outputs('StartTime'))\r\n    ),\r\n10000\r\n)\r\n}"}}},"connectionReferences":{"shared_sharepointonline":{"connectionName":"4a04691fe5d147dc997da68b4c0faf64","source":"Invoker","id":"/providers/Microsoft.PowerApps/apis/shared_sharepointonline","tier":"NotSpecified"}},"flowFailureAlertSubscribed":false}}