{"name":"4b0aeaf6-f623-4ade-b435-718ccfc647e6","id":"/providers/Microsoft.Flow/flows/4b0aeaf6-f623-4ade-b435-718ccfc647e6","type":"Microsoft.Flow/flows","properties":{"apiId":"/providers/Microsoft.PowerApps/apis/shared_logicflows","displayName":"2.2 Switch Flow","definition":{"metadata":{"workflowEntityId":null,"flowclientsuspensionreason":"None","flowclientsuspensiontime":null,"creator":{"id":"9804bca5-10f7-4881-ae77-398a03eae56c","type":"User","tenantId":"ee40b5fa-4c01-4c7d-9151-1460100f7b39"},"provisioningMethod":"FromDefinition","failureAlertSubscription":true,"clientLastModifiedTime":"2021-02-26T16:36:32.9112876Z"},"$schema":"https://schema.management.azure.com/providers/Microsoft.Logic/schemas/2016-06-01/workflowdefinition.json#","contentVersion":"1.0.0.0","parameters":{"$connections":{"defaultValue":{},"type":"Object"},"$authentication":{"defaultValue":{},"type":"SecureObject"}},"triggers":{"manual":{"type":"Request","kind":"Button","inputs":{"schema":{"type":"object","properties":{"text":{"title":"Colour","type":"string","x-ms-dynamically-added":true,"description":"Pick a colour","x-ms-content-hint":"TEXT","enum":["Red","Green","Blue"]}},"required":["text"]}}}},"actions":{"Switch":{"runAfter":{},"cases":{"Case_-_Red":{"case":"Red","actions":{"Send_me_an_email_notification":{"runAfter":{},"type":"OpenApiConnection","inputs":{"host":{"apiId":"/providers/Microsoft.PowerApps/apis/shared_flowpush","connectionName":"shared_flowpush","operationId":"SendEmailNotification"},"parameters":{"NotificationEmailDefinition/notificationSubject":"You chose Red","NotificationEmailDefinition/notificationBody":"The colour you chose was @{triggerBody()['text']}"},"authentication":{"value":"@json(decodeBase64(triggerOutputs().headers['X-MS-APIM-Tokens']))['$ConnectionKey']","type":"Raw"}}}}},"Case_-_Green":{"case":"Green","actions":{"Send_me_an_email_notification_2":{"runAfter":{},"type":"OpenApiConnection","inputs":{"host":{"apiId":"/providers/Microsoft.PowerApps/apis/shared_flowpush","connectionName":"shared_flowpush","operationId":"SendEmailNotification"},"parameters":{"NotificationEmailDefinition/notificationSubject":"You chose Green","NotificationEmailDefinition/notificationBody":"The colour you chose was @{triggerBody()['text']}"},"authentication":{"value":"@json(decodeBase64(triggerOutputs().headers['X-MS-APIM-Tokens']))['$ConnectionKey']","type":"Raw"}}}}}},"default":{"actions":{"Send_me_an_email_notification_3":{"runAfter":{},"type":"OpenApiConnection","inputs":{"host":{"apiId":"/providers/Microsoft.PowerApps/apis/shared_flowpush","connectionName":"shared_flowpush","operationId":"SendEmailNotification"},"parameters":{"NotificationEmailDefinition/notificationSubject":"You choose neither Red or Green","NotificationEmailDefinition/notificationBody":"The colour you chose was @{triggerBody()['text']}"},"authentication":{"value":"@json(decodeBase64(triggerOutputs().headers['X-MS-APIM-Tokens']))['$ConnectionKey']","type":"Raw"}}}}},"expression":"@triggerBody()['text']","type":"Switch"}}},"connectionReferences":{"shared_flowpush":{"connectionName":"951f9739bd57471fa7b71ab90a7d7723","source":"Invoker","id":"/providers/Microsoft.PowerApps/apis/shared_flowpush","tier":"NotSpecified"}},"flowFailureAlertSubscribed":false}}