{"name":"af9f2a78-9a5e-42e8-862a-2aee4aac43e3","id":"/providers/Microsoft.Flow/flows/af9f2a78-9a5e-42e8-862a-2aee4aac43e3","type":"Microsoft.Flow/flows","properties":{"apiId":"/providers/Microsoft.PowerApps/apis/shared_logicflows","displayName":"6.2 Approval with Reminder","definition":{"metadata":{"workflowEntityId":null,"flowclientsuspensionreason":"None","flowclientsuspensiontime":null,"creator":{"id":"9804bca5-10f7-4881-ae77-398a03eae56c","type":"User","tenantId":"ee40b5fa-4c01-4c7d-9151-1460100f7b39"},"provisioningMethod":"FromDefinition","failureAlertSubscription":true,"clientLastModifiedTime":"2021-02-27T10:11:52.5504573Z"},"$schema":"https://schema.management.azure.com/providers/Microsoft.Logic/schemas/2016-06-01/workflowdefinition.json#","contentVersion":"1.0.0.0","parameters":{"$connections":{"defaultValue":{},"type":"Object"},"$authentication":{"defaultValue":{},"type":"SecureObject"}},"triggers":{"manual":{"type":"Request","kind":"Button","inputs":{"schema":{"type":"object","properties":{},"required":[]}}}},"actions":{"Create_an_approval":{"runAfter":{},"type":"OpenApiConnection","inputs":{"host":{"apiId":"/providers/Microsoft.PowerApps/apis/shared_approvals","connectionName":"shared_approvals","operationId":"CreateAnApproval"},"parameters":{"approvalType":"Basic","ApprovalCreationInput/title":"Test of approval handling","ApprovalCreationInput/assignedTo":"User01@ba200221.onmicrosoft.com;","ApprovalCreationInput/details":"This is an approval test","ApprovalCreationInput/enableNotifications":true,"ApprovalCreationInput/enableReassignment":true},"authentication":{"value":"@json(decodeBase64(triggerOutputs().headers['X-MS-APIM-Tokens']))['$ConnectionKey']","type":"Raw"}}},"Wait_for_an_approval":{"runAfter":{"Create_an_approval":["Succeeded"]},"type":"OpenApiConnectionWebhook","inputs":{"host":{"apiId":"/providers/Microsoft.PowerApps/apis/shared_approvals","connectionName":"shared_approvals","operationId":"WaitForAnApproval"},"parameters":{"approvalName":"@outputs('Create_an_approval')?['body/name']"},"authentication":{"value":"@json(decodeBase64(triggerOutputs().headers['X-MS-APIM-Tokens']))['$ConnectionKey']","type":"Raw"}}},"Terminate":{"runAfter":{"Wait_for_an_approval":["Succeeded"]},"type":"Terminate","inputs":{"runStatus":"Succeeded"}},"Send_Delay":{"actions":{"Delay":{"runAfter":{},"type":"Wait","inputs":{"interval":{"count":2,"unit":"Minute"}}},"Apply_to_each":{"foreach":"@outputs('Create_an_approval')?['body/approvers']","actions":{"Post_your_own_adaptive_card_as_the_Flow_bot_to_a_user":{"runAfter":{},"type":"OpenApiConnection","inputs":{"host":{"apiId":"/providers/Microsoft.PowerApps/apis/shared_teams","connectionName":"shared_teams","operationId":"PostUserAdaptiveCard"},"parameters":{"PostAdaptiveCardRequest/recipient/to":"@{items('Apply_to_each')?['email']};","PostAdaptiveCardRequest/messageBody":"@outputs('Create_an_approval')?['body/adaptiveCard']","PostAdaptiveCardRequest/messageTitle":"APPROVAL OVERDUE"},"authentication":{"value":"@json(decodeBase64(triggerOutputs().headers['X-MS-APIM-Tokens']))['$ConnectionKey']","type":"Raw"}}}},"runAfter":{"Delay":["Succeeded"]},"type":"Foreach"}},"runAfter":{"Create_an_approval":["Succeeded"]},"type":"Scope"}}},"connectionReferences":{"shared_approvals":{"connectionName":"shared-approvals-02d2e6de-1011-42f3-9df7-0dc2-bcf81f6f","source":"Invoker","id":"/providers/Microsoft.PowerApps/apis/shared_approvals","tier":"NotSpecified"},"shared_teams":{"connectionName":"shared-teams-6070fa29-93d9-481b-8147-4cf3-2185f879","source":"Invoker","id":"/providers/Microsoft.PowerApps/apis/shared_teams","tier":"NotSpecified"}},"flowFailureAlertSubscribed":false}}