{"name":"f742bc4d-9c87-450d-bbbc-94ce88e40ca4","id":"/providers/Microsoft.Flow/flows/f742bc4d-9c87-450d-bbbc-94ce88e40ca4","type":"Microsoft.Flow/flows","properties":{"apiId":"/providers/Microsoft.PowerApps/apis/shared_logicflows","displayName":"5.1 Run After","definition":{"metadata":{"workflowEntityId":null,"flowclientsuspensionreason":"None","flowclientsuspensiontime":null,"creator":{"id":"9804bca5-10f7-4881-ae77-398a03eae56c","type":"User","tenantId":"ee40b5fa-4c01-4c7d-9151-1460100f7b39"},"provisioningMethod":"FromDefinition","failureAlertSubscription":true,"clientLastModifiedTime":"2021-02-26T18:04:03.0106244Z"},"$schema":"https://schema.management.azure.com/providers/Microsoft.Logic/schemas/2016-06-01/workflowdefinition.json#","contentVersion":"1.0.0.0","parameters":{"$connections":{"defaultValue":{},"type":"Object"},"$authentication":{"defaultValue":{},"type":"SecureObject"}},"triggers":{"manual":{"type":"Request","kind":"Button","inputs":{"schema":{"type":"object","properties":{"text":{"title":"TaskID","type":"string","x-ms-dynamically-added":true,"description":"Please enter your input","x-ms-content-hint":"TEXT"},"text_1":{"title":"Owner","type":"string","x-ms-dynamically-added":true,"description":"Please enter your input","x-ms-content-hint":"TEXT"}},"required":["text","text_1"]}}}},"actions":{"Update_a_row":{"runAfter":{},"metadata":{"01EVLMCUREFORWEXT63FFYIHIIHEHW6TTX":"/TasksUpdate.xlsx","tableId":"{EC6DB0AF-600A-4F9E-AA9F-2136E06602E7}"},"type":"OpenApiConnection","inputs":{"host":{"apiId":"/providers/Microsoft.PowerApps/apis/shared_excelonlinebusiness","connectionName":"shared_excelonlinebusiness","operationId":"PatchItem"},"parameters":{"source":"me","drive":"b!xNuHugzPqUW1wg7A1hWah-pcTjTW3TNKtrbHiWjYMDnhvmisE8OjT4iwk0REUEX8","file":"01EVLMCUREFORWEXT63FFYIHIIHEHW6TTX","table":"{EC6DB0AF-600A-4F9E-AA9F-2136E06602E7}","idColumn":"TaskID","id":"@triggerBody()['text']","item/Assigned To":"@triggerBody()['text_1']"},"authentication":{"value":"@json(decodeBase64(triggerOutputs().headers['X-MS-APIM-Tokens']))['$ConnectionKey']","type":"Raw"}}},"Send_notification_-_success":{"runAfter":{"Update_a_row":["Succeeded"]},"type":"OpenApiConnection","inputs":{"host":{"apiId":"/providers/Microsoft.PowerApps/apis/shared_flowpush","connectionName":"shared_flowpush","operationId":"SendEmailNotification"},"parameters":{"NotificationEmailDefinition/notificationSubject":"Task Updated","NotificationEmailDefinition/notificationBody":"Task @{outputs('Update_a_row')?['body/TaskID']} was updated. THe new owner is @{outputs('Update_a_row')?['body/Assigned To']}"},"authentication":{"value":"@json(decodeBase64(triggerOutputs().headers['X-MS-APIM-Tokens']))['$ConnectionKey']","type":"Raw"}}},"Send_notification_-_failure":{"runAfter":{"Update_a_row":["Failed","Skipped","TimedOut"]},"type":"OpenApiConnection","inputs":{"host":{"apiId":"/providers/Microsoft.PowerApps/apis/shared_flowpush","connectionName":"shared_flowpush","operationId":"SendEmailNotification"},"parameters":{"NotificationEmailDefinition/notificationSubject":"UPDATE FAILED","NotificationEmailDefinition/notificationBody":"There was no task @{triggerBody()['text']} found to update. Please check the information and try again."},"authentication":{"value":"@json(decodeBase64(triggerOutputs().headers['X-MS-APIM-Tokens']))['$ConnectionKey']","type":"Raw"}}}}},"connectionReferences":{"shared_excelonlinebusiness":{"connectionName":"shared-excelonlinebu-0013c06a-3269-45c1-a0af-d15b-f5b243e1","source":"Invoker","id":"/providers/Microsoft.PowerApps/apis/shared_excelonlinebusiness","tier":"NotSpecified"},"shared_flowpush":{"connectionName":"951f9739bd57471fa7b71ab90a7d7723","source":"Invoker","id":"/providers/Microsoft.PowerApps/apis/shared_flowpush","tier":"NotSpecified"}},"flowFailureAlertSubscribed":false}}