{"name":"ae347e2f-8745-48ac-9776-6d23c3085987","id":"/providers/Microsoft.Flow/flows/ae347e2f-8745-48ac-9776-6d23c3085987","type":"Microsoft.Flow/flows","properties":{"apiId":"/providers/Microsoft.PowerApps/apis/shared_logicflows","displayName":"6.3 Start Approval Process","definition":{"metadata":{"workflowEntityId":null,"flowclientsuspensionreason":"None","flowclientsuspensiontime":null,"creator":{"id":"9804bca5-10f7-4881-ae77-398a03eae56c","type":"User","tenantId":"ee40b5fa-4c01-4c7d-9151-1460100f7b39"},"provisioningMethod":"FromDefinition","failureAlertSubscription":true,"clientLastModifiedTime":"2021-02-27T10:55:00.2695268Z"},"$schema":"https://schema.management.azure.com/providers/Microsoft.Logic/schemas/2016-06-01/workflowdefinition.json#","contentVersion":"1.0.0.0","parameters":{"$connections":{"defaultValue":{},"type":"Object"},"$authentication":{"defaultValue":{},"type":"SecureObject"}},"triggers":{"manual":{"splitOn":"@triggerBody()['rows']","type":"Request","kind":"ApiConnection","inputs":{"schema":{"type":"object","properties":{"rows":{"type":"array","items":{"type":"object","properties":{"entity":{"type":"object","properties":{"ID":{"title":"ID","type":"integer","format":"int64"},"fileName":{"title":"fileName","type":"string"}},"required":[]}},"required":[]}}},"required":[]},"host":{"connection":{"name":"@parameters('$connections')['shared_sharepointonline']['connectionId']"},"api":{"runtimeUrl":"https://uk-001.azure-apim.net/apim/sharepointonline"}},"operationId":"ForASelectedFileHybridTrigger","parameters":{"dataset":"https://ba200221.sharepoint.com/","table":"d21f37e5-dc27-484e-908e-f68b93445839"}}}},"actions":{"Mark_file_status_as_started":{"runAfter":{},"type":"OpenApiConnection","inputs":{"host":{"apiId":"/providers/Microsoft.PowerApps/apis/shared_sharepointonline","connectionName":"shared_sharepointonline","operationId":"PatchFileItem"},"parameters":{"dataset":"https://ba200221.sharepoint.com/","table":"d21f37e5-dc27-484e-908e-f68b93445839","id":"@triggerBody()?['entity']?['ID']","item/ApprovalStatus":"Started"},"authentication":{"value":"@json(decodeBase64(triggerOutputs().headers['X-MS-APIM-Tokens']))['$ConnectionKey']","type":"Raw"}}},"For_each_approver":{"foreach":"@outputs('Mark_file_status_as_started')?['body/Approvers']","actions":{"Create_an_approval":{"runAfter":{},"type":"OpenApiConnection","inputs":{"host":{"apiId":"/providers/Microsoft.PowerApps/apis/shared_approvals","connectionName":"shared_approvals","operationId":"CreateAnApproval"},"parameters":{"approvalType":"Basic","ApprovalCreationInput/title":"Policy Approval required","ApprovalCreationInput/assignedTo":"@{items('For_each_approver')?['Email']};","ApprovalCreationInput/details":"The policy document @{triggerBody()?['entity']?['fileName']}","ApprovalCreationInput/itemLink":"@outputs('Mark_file_status_as_started')?['body/{Link}']","ApprovalCreationInput/enableNotifications":true,"ApprovalCreationInput/enableReassignment":true},"authentication":{"value":"@json(decodeBase64(triggerOutputs().headers['X-MS-APIM-Tokens']))['$ConnectionKey']","type":"Raw"}}},"Create_Approval_list_entry":{"runAfter":{"Create_an_approval":["Succeeded"]},"type":"OpenApiConnection","inputs":{"host":{"apiId":"/providers/Microsoft.PowerApps/apis/shared_sharepointonline","connectionName":"shared_sharepointonline","operationId":"PostItem"},"parameters":{"dataset":"https://ba200221.sharepoint.com/","table":"c8375e43-45a4-4561-8d85-bd317edac086","item/Title":"Approve - @{triggerBody()?['entity']?['fileName']}","item/ApprovalID":"@outputs('Create_an_approval')?['body/name']","item/FileID":"@triggerBody()?['entity']?['ID']","item/Outcome":"Pending","item/AssignedTo/Claims":"@items('For_each_approver')?['Email']","item/TaskDueDate":"@convertFromUtc(addDays(utcNow(),7),'GMT Standard Time','r')","item/TaskStatus/Value":"Not Started","item/StartDate":"@convertFromUtc(utcNow(),'GMT Standard Time','r')"},"authentication":{"value":"@json(decodeBase64(triggerOutputs().headers['X-MS-APIM-Tokens']))['$ConnectionKey']","type":"Raw"}}}},"runAfter":{"Mark_file_status_as_started":["Succeeded"]},"type":"Foreach"}}},"connectionReferences":{"shared_sharepointonline":{"connectionName":"4a04691fe5d147dc997da68b4c0faf64","source":"Invoker","id":"/providers/Microsoft.PowerApps/apis/shared_sharepointonline","tier":"NotSpecified"},"shared_approvals":{"connectionName":"shared-approvals-02d2e6de-1011-42f3-9df7-0dc2-bcf81f6f","source":"Invoker","id":"/providers/Microsoft.PowerApps/apis/shared_approvals","tier":"NotSpecified"}},"flowFailureAlertSubscribed":false}}