{"name":"8a18b6aa-80c8-461c-b478-e8e5d1b680c3","id":"/providers/Microsoft.Flow/flows/8a18b6aa-80c8-461c-b478-e8e5d1b680c3","type":"Microsoft.Flow/flows","properties":{"apiId":"/providers/Microsoft.PowerApps/apis/shared_logicflows","displayName":"4.1 Adaptive Cards","definition":{"metadata":{"workflowEntityId":null,"flowclientsuspensionreason":"None","flowclientsuspensiontime":null,"creator":{"id":"9804bca5-10f7-4881-ae77-398a03eae56c","type":"User","tenantId":"ee40b5fa-4c01-4c7d-9151-1460100f7b39"},"provisioningMethod":"FromDefinition","failureAlertSubscription":true,"clientLastModifiedTime":"2021-02-26T17:40:24.5131679Z"},"$schema":"https://schema.management.azure.com/providers/Microsoft.Logic/schemas/2016-06-01/workflowdefinition.json#","contentVersion":"1.0.0.0","parameters":{"$connections":{"defaultValue":{},"type":"Object"},"$authentication":{"defaultValue":{},"type":"SecureObject"}},"triggers":{"manual":{"type":"Request","kind":"Button","inputs":{"schema":{"type":"object","properties":{"text":{"title":"Input","type":"string","x-ms-dynamically-added":true,"description":"TaskID","x-ms-content-hint":"TEXT","enum":["1","2","3","4"]},"text_1":{"title":"Input 1","type":"string","x-ms-dynamically-added":true,"description":"Status","x-ms-content-hint":"TEXT","enum":["Started","In Progress","Completed"]},"number":{"title":"Duration","type":"number","x-ms-dynamically-added":true,"description":"Duration","x-ms-content-hint":"NUMBER"},"number_1":{"title":"DailyRate","type":"number","x-ms-dynamically-added":true,"description":"Daily Rate","x-ms-content-hint":"NUMBER"}},"required":["text","text_1","number","number_1"]}}}},"actions":{"Initialize_variable":{"runAfter":{},"type":"InitializeVariable","inputs":{"variables":[{"name":"varProgress","type":"float","value":0}]}},"Get_a_row":{"runAfter":{"Initialize_variable":["Succeeded"]},"metadata":{"01EVLMCUREFORWEXT63FFYIHIIHEHW6TTX":"/TasksUpdate.xlsx","tableId":"{EC6DB0AF-600A-4F9E-AA9F-2136E06602E7}"},"type":"OpenApiConnection","inputs":{"host":{"apiId":"/providers/Microsoft.PowerApps/apis/shared_excelonlinebusiness","connectionName":"shared_excelonlinebusiness","operationId":"GetItem"},"parameters":{"source":"me","drive":"b!xNuHugzPqUW1wg7A1hWah-pcTjTW3TNKtrbHiWjYMDnhvmisE8OjT4iwk0REUEX8","file":"01EVLMCUREFORWEXT63FFYIHIIHEHW6TTX","table":"{EC6DB0AF-600A-4F9E-AA9F-2136E06602E7}","idColumn":"TaskID","id":"@triggerBody()['text']"},"authentication":{"value":"@json(decodeBase64(triggerOutputs().headers['X-MS-APIM-Tokens']))['$ConnectionKey']","type":"Raw"}}},"Update_varProgress":{"runAfter":{"Get_a_row":["Succeeded"]},"type":"SetVariable","inputs":{"name":"varProgress","value":"@if(\r\n    equals(\r\n        triggerBody()['text_1'],\r\n        'Started'\r\n    ),0.3,\r\n    if(\r\n        equals(\r\n            triggerBody()['text_1'],\r\n            'In Progress'\r\n        ),\r\n        0.7,\r\n        1\r\n    )\r\n)"}},"Email_message":{"runAfter":{"Progress_as_percent":["Succeeded"]},"type":"Compose","inputs":"@{outputs('Get_a_row')?['body/Task']}\nThe status has now been set to @{triggerBody()['text_1']}\nThe task is now @{outputs('Progress_as_percent')}% complete"},"Update_a_row":{"runAfter":{"Email_message":["Succeeded"]},"metadata":{"01EVLMCUREFORWEXT63FFYIHIIHEHW6TTX":"/TasksUpdate.xlsx","tableId":"{EC6DB0AF-600A-4F9E-AA9F-2136E06602E7}"},"type":"OpenApiConnection","inputs":{"host":{"apiId":"/providers/Microsoft.PowerApps/apis/shared_excelonlinebusiness","connectionName":"shared_excelonlinebusiness","operationId":"PatchItem"},"parameters":{"source":"me","drive":"b!xNuHugzPqUW1wg7A1hWah-pcTjTW3TNKtrbHiWjYMDnhvmisE8OjT4iwk0REUEX8","file":"01EVLMCUREFORWEXT63FFYIHIIHEHW6TTX","table":"{EC6DB0AF-600A-4F9E-AA9F-2136E06602E7}","idColumn":"TaskID","id":"@triggerBody()['text']","item/Status":"@triggerBody()['text_1']","item/Progress":"@variables('varProgress')","item/Start Date":"@formatDateTime(utcNow(),'dd/MM/yyyy')","item/Duration":"@triggerBody()['number']","item/Due Date":"@convertFromUtc(addDays(utcNow(),triggerBody()['number']),'GMT Standard Time','dd/MM/yyyy')","item/Daily Rate":"@triggerBody()['number_1']","item/Cost Per Task":"@formatNumber(mul(triggerBody()['number'],triggerBody()['number_1']),'C','en-GB')"},"authentication":{"value":"@json(decodeBase64(triggerOutputs().headers['X-MS-APIM-Tokens']))['$ConnectionKey']","type":"Raw"}}},"Send_me_an_email_notification":{"runAfter":{"Update_a_row":["Succeeded"]},"type":"OpenApiConnection","inputs":{"host":{"apiId":"/providers/Microsoft.PowerApps/apis/shared_flowpush","connectionName":"shared_flowpush","operationId":"SendEmailNotification"},"parameters":{"NotificationEmailDefinition/notificationSubject":"Task Update: @{outputs('Update_a_row')?['body/Task']}","NotificationEmailDefinition/notificationBody":"@outputs('Email_message')"},"authentication":{"value":"@json(decodeBase64(triggerOutputs().headers['X-MS-APIM-Tokens']))['$ConnectionKey']","type":"Raw"}}},"Progress_as_percent":{"runAfter":{"Update_varProgress":["Succeeded"]},"type":"Compose","inputs":"@mul(variables('varProgress'),100)","description":"Added as extra step as used twice in flow"},"Post_your_own_adaptive_card_as_the_Flow_bot_to_a_channel":{"runAfter":{"Send_me_an_email_notification":["Succeeded"]},"type":"OpenApiConnection","inputs":{"host":{"apiId":"/providers/Microsoft.PowerApps/apis/shared_teams","connectionName":"shared_teams","operationId":"PostChannelAdaptiveCard"},"parameters":{"groupId":"0b1d7cd1-daf2-491c-9e29-1424378e2435","PostAdaptiveCardRequest/recipient/channelId":"19:9f445f87b6994fc2b6cfc4479bfa7184@thread.tacv2","PostAdaptiveCardRequest/messageBody":"{\n    \"type\": \"AdaptiveCard\",\n    \"$schema\": \"http://adaptivecards.io/schemas/adaptive-card.json\",\n    \"version\": \"1.2\",\n    \"body\": [\n        {\n            \"type\": \"TextBlock\",\n            \"text\": \"Task Update\",\n            \"wrap\": true,\n            \"horizontalAlignment\": \"Center\",\n            \"size\": \"ExtraLarge\",\n            \"weight\": \"Bolder\"\n        },\n        {\n            \"type\": \"TextBlock\",\n            \"text\": \"The task below has been updated\",\n            \"wrap\": true\n        },\n        {\n            \"type\": \"FactSet\",\n            \"facts\": [\n                {\n                    \"title\": \"Task\",\n                    \"value\": \"@{outputs('Update_a_row')?['body/Task']}\"\n                },\n                {\n                    \"title\": \"Assigned To\",\n                    \"value\": \"@{outputs('Update_a_row')?['body/Assigned To']}\"\n                },\n                {\n                    \"title\": \"Start Date\",\n                    \"value\": \"@{outputs('Update_a_row')?['body/Start Date']}\"\n                },\n                {\n                    \"title\": \"Duration\",\n                    \"value\": \"@{outputs('Update_a_row')?['body/Duration']}\"\n                },\n                {\n                    \"title\": \"Due Date\",\n                    \"value\": \"@{outputs('Update_a_row')?['body/Due Date']}\"\n                },\n                {\n                    \"title\": \"Cost\",\n                    \"value\": \"@{outputs('Update_a_row')?['body/Cost Per Task']}\"\n                },\n                {\n                    \"title\": \"Progress\",\n                    \"value\": \"@{outputs('Progress_as_percent')}\"\n                }\n            ],\n            \"separator\": true\n        }\n    ]\n}"},"authentication":{"value":"@json(decodeBase64(triggerOutputs().headers['X-MS-APIM-Tokens']))['$ConnectionKey']","type":"Raw"}}}}},"connectionReferences":{"shared_excelonlinebusiness":{"connectionName":"shared-excelonlinebu-0013c06a-3269-45c1-a0af-d15b-f5b243e1","source":"Invoker","id":"/providers/Microsoft.PowerApps/apis/shared_excelonlinebusiness","tier":"NotSpecified"},"shared_flowpush":{"connectionName":"951f9739bd57471fa7b71ab90a7d7723","source":"Invoker","id":"/providers/Microsoft.PowerApps/apis/shared_flowpush","tier":"NotSpecified"},"shared_teams":{"connectionName":"shared-teams-6070fa29-93d9-481b-8147-4cf3-2185f879","source":"Invoker","id":"/providers/Microsoft.PowerApps/apis/shared_teams","tier":"NotSpecified"}},"flowFailureAlertSubscribed":false}}