{"name":"e0a4c449-0e1d-4e53-859e-6dd5eed21ff7","id":"/providers/Microsoft.Flow/flows/e0a4c449-0e1d-4e53-859e-6dd5eed21ff7","type":"Microsoft.Flow/flows","properties":{"apiId":"/providers/Microsoft.PowerApps/apis/shared_logicflows","displayName":"6.1 Majority Approval","definition":{"metadata":{"workflowEntityId":null,"flowclientsuspensionreason":"None","flowclientsuspensiontime":null,"creator":{"id":"9804bca5-10f7-4881-ae77-398a03eae56c","type":"User","tenantId":"ee40b5fa-4c01-4c7d-9151-1460100f7b39"},"provisioningMethod":"FromDefinition","failureAlertSubscription":true,"clientLastModifiedTime":"2021-02-27T09:55:59.5617548Z"},"$schema":"https://schema.management.azure.com/providers/Microsoft.Logic/schemas/2016-06-01/workflowdefinition.json#","contentVersion":"1.0.0.0","parameters":{"$connections":{"defaultValue":{},"type":"Object"},"$authentication":{"defaultValue":{},"type":"SecureObject"}},"triggers":{"When_an_Expense_item_is_created":{"recurrence":{"frequency":"Minute","interval":1},"splitOn":"@triggerOutputs()?['body/value']","type":"OpenApiConnection","inputs":{"host":{"apiId":"/providers/Microsoft.PowerApps/apis/shared_sharepointonline","connectionName":"shared_sharepointonline","operationId":"GetOnNewItems"},"parameters":{"dataset":"https://ba200221.sharepoint.com/","table":"52ca0e9e-b148-4d02-afa8-fbcba8a23e1b"},"authentication":"@parameters('$authentication')"}}},"actions":{"Start_and_wait_for_an_approval":{"runAfter":{},"type":"OpenApiConnectionWebhook","inputs":{"host":{"apiId":"/providers/Microsoft.PowerApps/apis/shared_approvals","connectionName":"shared_approvals","operationId":"StartAndWaitForAnApproval"},"parameters":{"approvalType":"CustomResponseAwaitAll","WebhookApprovalCreationInput/responseOptions":["Approve","Reject"],"WebhookApprovalCreationInput/title":"A New Expense for your approval","WebhookApprovalCreationInput/assignedTo":"bret@ba200221.onmicrosoft.com;User01@ba200221.onmicrosoft.com;User02@ba200221.onmicrosoft.com;","WebhookApprovalCreationInput/details":"An expense has been submitted\nItem: @{triggerOutputs()?['body/Title']}\nAmount: @{triggerOutputs()?['body/Amount']}","WebhookApprovalCreationInput/enableNotifications":true,"WebhookApprovalCreationInput/enableReassignment":true},"authentication":"@parameters('$authentication')"}},"Initialize_variable":{"runAfter":{"Start_and_wait_for_an_approval":["Succeeded"]},"type":"InitializeVariable","inputs":{"variables":[{"name":"varApprovalComments","type":"string"}]}},"Collate_all_approval_comments":{"foreach":"@outputs('Start_and_wait_for_an_approval')?['body/responses']","actions":{"Compose":{"runAfter":{},"type":"Compose","inputs":"@{items('Collate_all_approval_comments')?['responder/displayName']} : @{items('Collate_all_approval_comments')?['comments']}"},"Append_to_string_variable":{"runAfter":{"Compose":["Succeeded"]},"type":"AppendToStringVariable","inputs":{"name":"varApprovalComments","value":"@outputs('Compose')"}}},"runAfter":{"Initialize_variable":["Succeeded"]},"type":"Foreach"},"Condition_-_If_majority_approve":{"actions":{"Update_item_-_approved":{"runAfter":{},"type":"OpenApiConnection","inputs":{"host":{"apiId":"/providers/Microsoft.PowerApps/apis/shared_sharepointonline","connectionName":"shared_sharepointonline","operationId":"PatchItem"},"parameters":{"dataset":"https://ba200221.sharepoint.com/","table":"52ca0e9e-b148-4d02-afa8-fbcba8a23e1b","id":"@triggerOutputs()?['body/ID']","item/Title":"@triggerOutputs()?['body/Title']","item/Status/Value":"Approved","item/ApproverComments":"@variables('varApprovalComments')"},"authentication":"@parameters('$authentication')"}}},"runAfter":{"Collate_all_approval_comments":["Succeeded"]},"else":{"actions":{"Update_item_-_rejected":{"runAfter":{},"type":"OpenApiConnection","inputs":{"host":{"apiId":"/providers/Microsoft.PowerApps/apis/shared_sharepointonline","connectionName":"shared_sharepointonline","operationId":"PatchItem"},"parameters":{"dataset":"https://ba200221.sharepoint.com/","table":"52ca0e9e-b148-4d02-afa8-fbcba8a23e1b","id":"@triggerOutputs()?['body/ID']","item/Title":"@triggerOutputs()?['body/Title']","item/Status/Value":"Rejected","item/ApproverComments":"@variables('varApprovalComments')"},"authentication":"@parameters('$authentication')"}}}},"expression":{"or":[{"equals":["@outputs('Start_and_wait_for_an_approval')?['body/outcome']","Approve, Approve, Approve"]},{"equals":["@outputs('Start_and_wait_for_an_approval')?['body/outcome']","Approve, Approve, Reject"]},{"equals":["@outputs('Start_and_wait_for_an_approval')?['body/outcome']","Approve, Reject, Approve"]},{"equals":["@outputs('Start_and_wait_for_an_approval')?['body/outcome']","Reject, Approve, Approve"]}]},"type":"If"}}},"connectionReferences":{"shared_approvals":{"connectionName":"shared-approvals-02d2e6de-1011-42f3-9df7-0dc2-bcf81f6f","source":"Embedded","id":"/providers/Microsoft.PowerApps/apis/shared_approvals","tier":"NotSpecified"},"shared_sharepointonline":{"connectionName":"4a04691fe5d147dc997da68b4c0faf64","source":"Embedded","id":"/providers/Microsoft.PowerApps/apis/shared_sharepointonline","tier":"NotSpecified"}},"flowFailureAlertSubscribed":false}}