{"name":"3e31a9b4-55c6-4427-bcf8-2152d19585a9","id":"/providers/Microsoft.Flow/flows/3e31a9b4-55c6-4427-bcf8-2152d19585a9","type":"Microsoft.Flow/flows","properties":{"apiId":"/providers/Microsoft.PowerApps/apis/shared_logicflows","displayName":"9.1 Try Catch","definition":{"metadata":{"workflowEntityId":null,"flowclientsuspensionreason":"None","flowclientsuspensiontime":null,"creator":{"id":"9804bca5-10f7-4881-ae77-398a03eae56c","type":"User","tenantId":"ee40b5fa-4c01-4c7d-9151-1460100f7b39"},"provisioningMethod":"FromDefinition","failureAlertSubscription":true,"clientLastModifiedTime":"2021-02-28T11:17:08.9393355Z"},"$schema":"https://schema.management.azure.com/providers/Microsoft.Logic/schemas/2016-06-01/workflowdefinition.json#","contentVersion":"1.0.0.0","parameters":{"$connections":{"defaultValue":{},"type":"Object"},"$authentication":{"defaultValue":{},"type":"SecureObject"}},"triggers":{"manual":{"type":"Request","kind":"Button","inputs":{"schema":{"type":"object","properties":{"text":{"title":"TaskID","type":"string","x-ms-dynamically-added":true,"description":"Please enter your input","x-ms-content-hint":"TEXT"},"text_1":{"title":"Owner","type":"string","x-ms-dynamically-added":true,"description":"Please enter your input","x-ms-content-hint":"TEXT"}},"required":["text","text_1"]}}}},"actions":{"Flow_Name":{"runAfter":{},"type":"Compose","inputs":"@workflow()['tags']['flowDisplayName']"},"Trigger_Parameters":{"runAfter":{"Flow_Name":["Succeeded"]},"type":"Compose","inputs":"Task ID:  @{triggerBody()['text']}\nOwner:  @{triggerBody()['text_1']}"},"Log_flow_starting":{"runAfter":{"Trigger_Parameters":["Succeeded"]},"type":"OpenApiConnection","inputs":{"host":{"apiId":"/providers/Microsoft.PowerApps/apis/shared_sharepointonline","connectionName":"shared_sharepointonline","operationId":"PostItem"},"parameters":{"dataset":"https://ba200221.sharepoint.com/","table":"c6f6f195-b89e-4c75-b43e-198432b17e4f","item/Title":"@outputs('Flow_Name')","item/Status":"Started","item/Date":"@utcNow()","item/Parameters":"@outputs('Trigger_Parameters')","item/Details":"The flow started"},"authentication":{"value":"@json(decodeBase64(triggerOutputs().headers['X-MS-APIM-Tokens']))['$ConnectionKey']","type":"Raw"}}},"Try":{"actions":{"Update_a_row":{"runAfter":{},"metadata":{"01EVLMCUREFORWEXT63FFYIHIIHEHW6TTX":"/TasksUpdate.xlsx","tableId":"{EC6DB0AF-600A-4F9E-AA9F-2136E06602E7}"},"type":"OpenApiConnection","inputs":{"host":{"apiId":"/providers/Microsoft.PowerApps/apis/shared_excelonlinebusiness","connectionName":"shared_excelonlinebusiness","operationId":"PatchItem"},"parameters":{"source":"me","drive":"b!xNuHugzPqUW1wg7A1hWah-pcTjTW3TNKtrbHiWjYMDnhvmisE8OjT4iwk0REUEX8","file":"01EVLMCUREFORWEXT63FFYIHIIHEHW6TTX","table":"{EC6DB0AF-600A-4F9E-AA9F-2136E06602E7}","idColumn":"TaskID","id":"@triggerBody()['text']","item/Assigned To":"@triggerBody()['text_1']"},"authentication":{"value":"@json(decodeBase64(triggerOutputs().headers['X-MS-APIM-Tokens']))['$ConnectionKey']","type":"Raw"}}}},"runAfter":{"Log_flow_starting":["Succeeded"]},"type":"Scope"},"Catch":{"actions":{"Error_Information":{"runAfter":{},"type":"Compose","inputs":"Status Code:  @{outputs('Update_a_row').statusCode}\nMessage: @{outputs('Update_a_row').body.error.message}"},"Log_flow_error":{"runAfter":{"Error_Information":["Succeeded"]},"type":"OpenApiConnection","inputs":{"host":{"apiId":"/providers/Microsoft.PowerApps/apis/shared_sharepointonline","connectionName":"shared_sharepointonline","operationId":"PostItem"},"parameters":{"dataset":"https://ba200221.sharepoint.com/","table":"c6f6f195-b89e-4c75-b43e-198432b17e4f","item/Title":"@outputs('Flow_Name')","item/Status":"Error","item/Date":"@utcNow()","item/Parameters":"@outputs('Trigger_Parameters')","item/Details":"@outputs('Error_Information')"},"authentication":{"value":"@json(decodeBase64(triggerOutputs().headers['X-MS-APIM-Tokens']))['$ConnectionKey']","type":"Raw"}}}},"runAfter":{"Try":["Failed"]},"type":"Scope"},"Finally":{"actions":{"Log_flow_complete":{"runAfter":{},"type":"OpenApiConnection","inputs":{"host":{"apiId":"/providers/Microsoft.PowerApps/apis/shared_sharepointonline","connectionName":"shared_sharepointonline","operationId":"PostItem"},"parameters":{"dataset":"https://ba200221.sharepoint.com/","table":"c6f6f195-b89e-4c75-b43e-198432b17e4f","item/Title":"@outputs('Flow_Name')","item/Status":"Completed","item/Date":"@utcNow()","item/Parameters":"@outputs('Trigger_Parameters')","item/Details":"The flow completed"},"authentication":{"value":"@json(decodeBase64(triggerOutputs().headers['X-MS-APIM-Tokens']))['$ConnectionKey']","type":"Raw"}}}},"runAfter":{"Catch":["Succeeded","Failed","Skipped","TimedOut"]},"type":"Scope"}}},"connectionReferences":{"shared_sharepointonline":{"connectionName":"4a04691fe5d147dc997da68b4c0faf64","source":"Invoker","id":"/providers/Microsoft.PowerApps/apis/shared_sharepointonline","tier":"NotSpecified"},"shared_excelonlinebusiness":{"connectionName":"shared-excelonlinebu-0013c06a-3269-45c1-a0af-d15b-f5b243e1","source":"Invoker","id":"/providers/Microsoft.PowerApps/apis/shared_excelonlinebusiness","tier":"NotSpecified"}},"flowFailureAlertSubscribed":false}}