{"name":"2fb7ae87-9693-40f2-8d56-a86b45067f35","id":"/providers/Microsoft.Flow/flows/2fb7ae87-9693-40f2-8d56-a86b45067f35","type":"Microsoft.Flow/flows","properties":{"apiId":"/providers/Microsoft.PowerApps/apis/shared_logicflows","displayName":"3.1 Transforming data","definition":{"metadata":{"workflowEntityId":null,"processAdvisorMetadata":null,"flowChargedByPaygo":null,"flowclientsuspensionreason":"None","flowclientsuspensiontime":null,"flowclientsuspensionreasondetails":null,"creator":{"id":"ff77102b-cf5b-4e02-8c61-2bf7de7e653b","type":"User","tenantId":"694127ea-b84d-4064-af8e-ef580bc60ad2"},"provisioningMethod":"FromDefinition","failureAlertSubscription":true,"clientLastModifiedTime":"2025-05-02T14:31:24.3902366Z","connectionKeySavedTimeKey":"2025-05-02T14:31:24.3902366Z","creationSource":"Portal","modifiedSources":"Portal"},"$schema":"https://schema.management.azure.com/providers/Microsoft.Logic/schemas/2016-06-01/workflowdefinition.json#","contentVersion":"undefined","parameters":{"$authentication":{"defaultValue":{},"type":"SecureObject"},"$connections":{"defaultValue":{},"type":"Object"}},"triggers":{"manual":{"type":"Request","kind":"Button","inputs":{"schema":{"type":"object","properties":{},"required":[]}}}},"actions":{"SampleTickets":{"runAfter":{},"type":"Compose","inputs":[{"id":"001","title":"Printer not working","priority":"High","email":"user1@qa365.co.uk"},{"id":"002","title":"WiFi is slow","priority":"Low","email":"user2@qa365.co.uk"},{"id":"003","title":"Unable to login","priority":"High","email":"user3@qa365.co.uk"},{"id":"004","title":"Software installation request","priority":"Medium","email":"user4@qa365.co.uk"},{"id":"005","title":"Phone not ringing","priority":"Low","email":"user5@qa365.co.uk"},{"id":"006","title":"Monitor flickering","priority":"High","email":"user6@qa365.co.uk"},{"id":"007","title":"Access to shared drive denied","priority":"Medium","email":"user7@qa365.co.uk"},{"id":"008","title":"Request for password reset","priority":"Low","email":"user8@qa365.co.uk"},{"id":"009","title":"Email sync issues","priority":"High","email":"user9@qa365.co.uk"},{"id":"010","title":"New employee onboarding","priority":"Medium","email":"user10@qa365.co.uk"},{"id":"011","title":"Laptop overheating","priority":"High","email":"user11@qa365.co.uk"},{"id":"012","title":"VPN not connecting","priority":"High","email":"user12@qa365.co.uk"},{"id":"013","title":"System slow after update","priority":"Medium","email":"user13@qa365.co.uk"},{"id":"014","title":"Can't print double-sided","priority":"Low","email":"user14@qa365.co.uk"},{"id":"015","title":"Conference room screen issue","priority":"High","email":"user15@qa365.co.uk"},{"id":"016","title":"Missing shared calendar","priority":"Medium","email":"user16@qa365.co.uk"},{"id":"017","title":"Auto-reply not working","priority":"Low","email":"user17@qa365.co.uk"},{"id":"018","title":"Keyboard unresponsive","priority":"High","email":"user18@qa365.co.uk"},{"id":"019","title":"Video call lagging","priority":"Medium","email":"user19@qa365.co.uk"},{"id":"020","title":"Intranet access denied","priority":"High","email":"user20@qa365.co.uk"}]},"CSS":{"runAfter":{"SampleTickets":["Succeeded"]},"type":"Compose","inputs":"<style>\n    table {\n        width: 100%;\n        border-collapse: collapse;\n        font-family: Arial, sans-serif;\n    }\n    th, td {\n        border: 1px solid #dddddd;\n        text-align: left;\n        padding: 8px;\n    }\n    th {\n        background-color: #f2f2f2;\n        color: #333;\n    }\n    tr:nth-child(even) {\n        background-color: #f9f9f9;\n    }\n</style>"},"Parse_JSON":{"runAfter":{"CSS":["Succeeded"]},"type":"ParseJson","inputs":{"content":"@outputs('SampleTickets')","schema":{"type":"array","items":{"type":"object","properties":{"id":{"type":"string"},"title":{"type":"string"},"priority":{"type":"string"},"email":{"type":"string"}},"required":["id","title","priority","email"]}}}},"Filter_array_-_High_Priority_Tickets":{"runAfter":{"Parse_JSON":["Succeeded"]},"type":"Query","inputs":{"from":"@body('Parse_JSON')","where":"@equals(item()['priority'],'High')"}},"Select_-_Columns_for_display":{"runAfter":{"Filter_array_-_High_Priority_Tickets":["Succeeded"]},"type":"Select","inputs":{"from":"@body('Filter_array_-_High_Priority_Tickets')","select":{"Ticket ID":"@item()['id']","Issue":"@item()['title']","Contact":"@item()['email']"}}},"Create_HTML_table":{"runAfter":{"Select_-_Columns_for_display":["Succeeded"]},"type":"Table","inputs":{"from":"@body('Select_-_Columns_for_display')","format":"HTML"}},"Select_-_Email_Only":{"runAfter":{"Create_HTML_table":["Succeeded"]},"type":"Select","inputs":{"from":"@body('Filter_array_-_High_Priority_Tickets')","select":"@item()?['email']"}},"Join_email_addresses":{"runAfter":{"Select_-_Email_Only":["Succeeded"]},"type":"Join","inputs":{"from":"@body('Select_-_Email_Only')","joinWith":", "}},"Number_of_tickets":{"runAfter":{"Join_email_addresses":["Succeeded"]},"type":"Compose","inputs":"@length(body('Filter_array_-_High_Priority_Tickets'))"},"Send_an_email_(V2)":{"runAfter":{"Number_of_tickets":["Succeeded"]},"type":"OpenApiConnection","inputs":{"parameters":{"emailMessage/To":"@body('Join_email_addresses')","emailMessage/Subject":"High priority tickets","emailMessage/Body":"<p class=\"editor-paragraph\">@{outputs('CSS')}</p><p class=\"editor-paragraph\">There are @{outputs('Number_of_tickets')} high priority tickets</p><br><p class=\"editor-paragraph\">@{body('Create_HTML_table')}</p>","emailMessage/Importance":"Normal"},"host":{"apiId":"/providers/Microsoft.PowerApps/apis/shared_office365","connectionName":"shared_office365","operationId":"SendEmailV2"},"authentication":{"value":"@json(decodeBase64(triggerOutputs().headers['X-MS-APIM-Tokens']))['$ConnectionKey']","type":"Raw"}}}}},"connectionReferences":{"shared_office365":{"connectionName":"shared-office365-32b07bab-484e-495e-98ae-e6ce4aff9340","source":"Invoker","id":"/providers/Microsoft.PowerApps/apis/shared_office365","tier":"NotSpecified","apiName":"office365"}},"flowFailureAlertSubscribed":false,"isManaged":false}}