{"name":"e97e4ea2-ff4b-465c-97e0-b58582c98ffe","id":"/providers/Microsoft.Flow/flows/e97e4ea2-ff4b-465c-97e0-b58582c98ffe","type":"Microsoft.Flow/flows","properties":{"apiId":"/providers/Microsoft.PowerApps/apis/shared_logicflows","displayName":"6.3 Approval Handling","definition":{"metadata":{"workflowEntityId":null,"flowclientsuspensionreason":"None","flowclientsuspensiontime":null,"creator":{"id":"9804bca5-10f7-4881-ae77-398a03eae56c","type":"User","tenantId":"ee40b5fa-4c01-4c7d-9151-1460100f7b39"},"provisioningMethod":"FromDefinition","failureAlertSubscription":true,"clientLastModifiedTime":"2021-02-27T11:37:11.8273908Z"},"$schema":"https://schema.management.azure.com/providers/Microsoft.Logic/schemas/2016-06-01/workflowdefinition.json#","contentVersion":"1.0.0.0","parameters":{"$connections":{"defaultValue":{},"type":"Object"},"$authentication":{"defaultValue":{},"type":"SecureObject"}},"triggers":{"When_an_Approval_item_is_created":{"recurrence":{"frequency":"Minute","interval":1},"splitOn":"@triggerOutputs()?['body/value']","type":"OpenApiConnection","inputs":{"host":{"apiId":"/providers/Microsoft.PowerApps/apis/shared_sharepointonline","connectionName":"shared_sharepointonline","operationId":"GetOnNewItems"},"parameters":{"dataset":"https://ba200221.sharepoint.com/","table":"c8375e43-45a4-4561-8d85-bd317edac086"},"authentication":"@parameters('$authentication')"}}},"actions":{"Wait_for_an_approval":{"runAfter":{},"type":"OpenApiConnectionWebhook","inputs":{"host":{"apiId":"/providers/Microsoft.PowerApps/apis/shared_approvals","connectionName":"shared_approvals","operationId":"WaitForAnApproval"},"parameters":{"approvalName":"@triggerOutputs()?['body/ApprovalID']"},"authentication":"@parameters('$authentication')"}},"Update_item":{"runAfter":{"Wait_for_an_approval":["Succeeded"]},"type":"OpenApiConnection","inputs":{"host":{"apiId":"/providers/Microsoft.PowerApps/apis/shared_sharepointonline","connectionName":"shared_sharepointonline","operationId":"PatchItem"},"parameters":{"dataset":"https://ba200221.sharepoint.com/","table":"c8375e43-45a4-4561-8d85-bd317edac086","id":"@triggerOutputs()?['body/ID']","item/Title":"@triggerOutputs()?['body/Title']","item/Outcome":"@outputs('Wait_for_an_approval')?['body/outcome']","item/TaskStatus/Value":"Completed"},"authentication":"@parameters('$authentication')"}},"Get_related_approvals":{"runAfter":{"Update_item":["Succeeded"]},"type":"OpenApiConnection","inputs":{"host":{"apiId":"/providers/Microsoft.PowerApps/apis/shared_sharepointonline","connectionName":"shared_sharepointonline","operationId":"GetItems"},"parameters":{"dataset":"https://ba200221.sharepoint.com/","table":"c8375e43-45a4-4561-8d85-bd317edac086","$filter":"FileID eq '@{triggerOutputs()?['body/FileID']}'"},"authentication":"@parameters('$authentication')"}},"Related_Approvals":{"runAfter":{"Get_related_approvals":["Succeeded"]},"type":"Compose","inputs":"@length(outputs('Get_related_approvals')?['body/value'])"},"Filter_array_-_Select_Completed_Tasks":{"runAfter":{"Related_Approvals":["Succeeded"]},"type":"Query","inputs":{"from":"@outputs('Get_related_approvals')?['body/value']","where":"@equals(item()?['TaskStatus/Value'], 'Completed')"}},"Completed_Approvals":{"runAfter":{"Filter_array_-_Select_Completed_Tasks":["Succeeded"]},"type":"Compose","inputs":"@length(body('Filter_array_-_Select_Completed_Tasks'))"},"Everyone_Responded":{"actions":{"Filter_array_-_Select_Approved_tasks":{"runAfter":{},"type":"Query","inputs":{"from":"@outputs('Get_related_approvals')?['body/value']","where":"@equals(item()?['Outcome'], 'Approve')"}},"Approved_Approvals":{"runAfter":{"Filter_array_-_Select_Approved_tasks":["Succeeded"]},"type":"Compose","inputs":"@length(body('Filter_array_-_Select_Approved_tasks'))"},"Update_file_properties":{"runAfter":{"Approved_Approvals":["Succeeded"]},"type":"OpenApiConnection","inputs":{"host":{"apiId":"/providers/Microsoft.PowerApps/apis/shared_sharepointonline","connectionName":"shared_sharepointonline","operationId":"PatchFileItem"},"parameters":{"dataset":"https://ba200221.sharepoint.com/","table":"d21f37e5-dc27-484e-908e-f68b93445839","id":"@int(triggerOutputs()?['body/FileID'])","item/ApprovalStatus":"@if(\r\n    equals(\r\n        outputs('Completed_Approvals'),\r\n        outputs('Approved_Approvals')\r\n    ),\r\n    'Approved',\r\n    'Rejected'\r\n)"},"authentication":"@parameters('$authentication')"}}},"runAfter":{"Completed_Approvals":["Succeeded"]},"expression":{"equals":["@outputs('Related_Approvals')","@outputs('Completed_Approvals')"]},"type":"If"},"Terminate":{"runAfter":{"Everyone_Responded":["Succeeded"]},"type":"Terminate","inputs":{"runStatus":"Succeeded"}},"Delay":{"runAfter":{},"type":"Wait","inputs":{"interval":{"count":2,"unit":"Minute"}}},"Create_item":{"runAfter":{"Delay":["Succeeded"]},"type":"OpenApiConnection","inputs":{"host":{"apiId":"/providers/Microsoft.PowerApps/apis/shared_sharepointonline","connectionName":"shared_sharepointonline","operationId":"PostItem"},"parameters":{"dataset":"https://ba200221.sharepoint.com/","table":"c8375e43-45a4-4561-8d85-bd317edac086","item/Title":"@triggerOutputs()?['body/Title']","item/ApprovalID":"@triggerOutputs()?['body/ApprovalID']","item/FileID":"@triggerOutputs()?['body/FileID']","item/Outcome":"@triggerOutputs()?['body/Outcome']","item/AssignedTo/Claims":"@triggerOutputs()?['body/AssignedTo/Claims']","item/TaskDueDate":"@triggerOutputs()?['body/TaskDueDate']","item/TaskStatus/Value":"@triggerOutputs()?['body/TaskStatus/Value']","item/StartDate":"@triggerOutputs()?['body/StartDate']"},"authentication":"@parameters('$authentication')"}},"Delete_item":{"runAfter":{"Create_item":["Succeeded"]},"type":"OpenApiConnection","inputs":{"host":{"apiId":"/providers/Microsoft.PowerApps/apis/shared_sharepointonline","connectionName":"shared_sharepointonline","operationId":"DeleteItem"},"parameters":{"dataset":"https://ba200221.sharepoint.com/","table":"c8375e43-45a4-4561-8d85-bd317edac086","id":"@triggerOutputs()?['body/ID']"},"authentication":"@parameters('$authentication')"}},"Terminate_2":{"runAfter":{"Delete_item":["Succeeded"]},"type":"Terminate","inputs":{"runStatus":"Succeeded"}}}},"connectionReferences":{"shared_approvals":{"connectionName":"shared-approvals-02d2e6de-1011-42f3-9df7-0dc2-bcf81f6f","source":"Embedded","id":"/providers/Microsoft.PowerApps/apis/shared_approvals","tier":"NotSpecified"},"shared_sharepointonline":{"connectionName":"4a04691fe5d147dc997da68b4c0faf64","source":"Embedded","id":"/providers/Microsoft.PowerApps/apis/shared_sharepointonline","tier":"NotSpecified"}},"flowFailureAlertSubscribed":false}}